rns,rns80,mrt,mrt80,smsa,smsa80,med,iq,kww,year,age,age80,s,s80,expr,expr80,tenure,tenure80,lw,lw80
0,0,0,1,1,1,8,93,35,68,19,31,12,12,0.462000012397766,10.6350002288818,0,2,5.90000009536743,6.64499998092651
0,0,0,1,1,1,14,119,41,66,23,37,16,18,0,11.3669996261597,2,16,5.43800020217896,6.69399976730347
0,0,0,1,1,1,14,108,46,67,20,33,14,14,0.423000007867813,11.0349998474121,1,9,5.71000003814697,6.71500015258789
0,0,0,1,1,1,12,96,32,66,18,32,12,12,0.333000004291534,13.08899974823,1,7,5.48099994659424,6.47700023651123
0,0,1,1,1,1,6,74,27,73,26,34,9,11,9.01299953460693,14.4020004272461,3,5,5.92700004577637,6.33199977874756
0,0,0,0,1,1,8,91,24,66,16,30,9,10,0.333000004291534,13.4259996414185,1,0,4.80399990081787,6.39699983596802
0,0,1,1,1,1,8,114,50,73,30,38,18,18,1.20500004291534,7.55499982833862,6,14,6.51200008392334,6.98600006103516
0,0,1,1,0,0,14,111,37,67,23,36,15,15,1.25,12.6199998855591,1,1,5.80800008773804,7.05100011825562
0,0,1,1,1,1,12,95,44,66,22,36,12,12,2.04800009727478,15.8719997406006,2,16,5.73699998855591,6.90799999237061
0,0,1,1,0,0,13,132,44,73,30,38,18,18,1.37199997901917,8.31900024414062,5,13,6.38199996948242,6.83500003814697
0,0,1,1,0,0,16,102,45,69,22,33,14,14,0,9.29800033569336,1,11,5.74300003051758,6.82600021362305
0,0,0,0,0,0,12,125,40,70,20,30,14,15,0.365000009536743,4.11299991607666,1,3,6.21500015258789,6.80200004577637
0,0,0,1,1,1,10,119,24,73,20,28,16,16,0.689999997615814,7.46999979019165,0,2,5.25699996948242,7.18400001525879
0,0,1,1,1,1,12,118,47,73,26,34,16,16,2.38899993896484,9.3120002746582,0,9,6.61999988555908,7.49100017547607
0,0,1,1,1,1,6,105,37,66,21,35,10,10,4.37799978256226,17.0389995574951,2,2,5.71400022506714,6.86499977111816
0,0,0,1,1,1,12,109,39,66,22,36,12,15,0,5.90000009536743,2,9,5.59499979019165,7.21500015258789
0,0,1,1,1,1,10,72,36,71,29,38,11,11,8.78699970245361,19.2310009002686,1,10,5.80800008773804,6.74499988555908
0,0,0,1,1,1,12,105,29,73,21,29,12,14,0,3.92600011825562,0,7,5.90000009536743,6.72200012207031
0,0,0,1,1,1,8,101,34,67,18,31,11,12,0.377999991178513,12.585000038147,1,7,5.2979998588562,6.15500020980835
0,0,0,1,1,1,12,123,37,70,21,31,12,14,1.78600001335144,8.9399995803833,3,1,5.78399991989136,7.15100002288818
0,0,1,1,1,1,12,113,49,70,26,36,16,16,0.469999998807907,10.3610000610352,7,4,6.22499990463257,7.38700008392334
0,0,0,1,1,1,10,95,36,66,24,38,12,12,0.294999986886978,13.7080001831055,1,3,5.74300003051758,6.77199983596802
0,0,1,1,0,1,12,145,50,71,29,38,16,16,8.34099960327148,17.257999420166,4,8,6.86899995803833,7.66699981689453
0,0,0,1,1,1,11,114,35,69,21,32,16,16,1,11.6770000457764,1,7,6.12200021743774,6.95900011062622
0,0,0,1,1,1,16,124,32,73,21,29,16,16,1.44700002670288,8.38700008392334,2,9,6.23999977111816,7.37900018692017
0,0,1,1,1,1,12,93,40,66,21,35,12,13,2.37800002098083,15.5220003128052,2,5,5.15299987792969,7.07999992370605
1,1,1,1,1,1,8,115,39,73,27,35,18,18,4.44999980926514,11.3640003204346,0,1,6.56899976730347,6.68499994277954
0,0,1,1,1,1,13,125,41,73,26,34,17,17,2.35800004005432,9.37600040435791,6,4,6.35799980163574,7.25600004196167
0,0,0,0,1,1,16,128,35,73,28,36,18,18,0.897000014781952,7.80100011825562,5,13,6.13600015640259,6.4539999961853
0,0,1,1,1,1,8,103,40,71,25,34,12,12,6.76800012588501,16.628999710083,1,2,5.92700004577637,6.90799999237061
0,0,0,1,1,1,12,98,41,66,21,35,14,14,2.37800002098083,15.1070003509521,3,4,6.21500015258789,7.26100015640259
0,1,0,1,1,1,12,108,41,66,18,32,13,13,0,12.3059997558594,1,2,5.52099990844727,7.88899993896484
0,0,0,1,0,0,18,129,40,69,27,38,18,18,0,8.0629997253418,1,12,6.01599979400635,6.5019998550415
0,0,1,1,1,1,17,132,42,73,24,32,16,17,1.47500002384186,8.39599990844727,2,9,6.35799980163574,7.48400020599365
0,0,0,1,1,1,8,92,24,68,19,31,13,13,0,8.55399990081787,2,10,5.52099990844727,6.66200017929077
0,0,1,1,1,1,15,106,35,69,20,31,13,13,0,10.8129997253418,1,12,6.14799976348877,7.15000009536743
0,0,1,1,1,1,13,105,37,73,21,29,16,16,2.26900005340576,8.69600009918213,0,2,5.85799980163574,6.57100009918213
0,0,1,1,1,0,12,123,46,69,25,36,17,18,0,10.9060001373291,3,7,6.32399988174438,6.98600006103516
0,0,1,1,1,1,8,108,48,66,24,38,12,12,6.33300018310547,20.5979995727539,2,11,5.75299978256226,6.53999996185303
0,0,0,1,1,1,12,122,47,70,23,33,16,17,0.469999998807907,10.3529996871948,1,9,6.23600006103516,7.18400001525879
0,0,1,1,1,1,12,109,44,66,24,38,12,12,1.71200001239777,15.6590003967285,1,4,5.99100017547607,7.12200021743774
0,0,1,1,1,1,10,100,40,68,26,38,12,13,0,11.6929998397827,3,15,5.62799978256226,6.93400001525879
0,0,1,1,1,1,14,125,50,69,23,34,18,18,0.795000016689301,11.7930002212524,1,12,6.09100008010864,7.46600008010864
0,0,0,0,1,1,12,122,41,73,27,35,14,14,1.86899995803833,8.82499980926514,7,15,6.10900020599365,6.88899993896484
0,0,1,1,1,1,12,105,34,71,21,30,16,17,0,7.41499996185303,2,11,5.44199991226196,6.64599990844727
0,0,0,1,1,1,12,94,37,69,22,33,16,16,0.423000007867813,11.2320003509521,1,5,5.55299997329712,7.05100011825562
0,0,1,1,1,1,12,102,36,66,20,34,12,12,2.16700005531311,16.0109996795654,3,5,5.61700010299683,7.05200004577637
0,0,0,1,1,1,12,109,47,73,30,38,12,13,6.53299999237061,13.5260000228882,4,12,6.17600011825562,6.69399976730347
0,0,1,1,1,1,12,105,45,66,24,38,12,12,8.10099983215332,22.0450000762939,2,14,5.7039999961853,7.00299978256226
1,1,1,1,1,1,12,134,46,71,28,37,18,18,0.906000018119812,9.75399971008301,1,10,5.54500007629395,7.05100011825562
0,0,0,0,1,1,12,108,32,68,17,29,12,12,0.922999978065491,13.0220003128052,0,9,5.38399982452393,7.46700000762939
0,0,1,1,1,1,12,104,36,73,22,30,16,16,2.44199991226196,11.2729997634888,1,8,5.88899993896484,6.90799999237061
0,0,1,1,1,1,12,112,35,69,18,29,12,12,0.462000012397766,10.78600025177,1,1,5.16499996185303,6.13500022888184
0,0,0,0,1,1,11,120,49,71,23,32,18,18,0,7.93800020217896,3,12,5.62799978256226,6.64499998092651
0,0,0,0,1,0,17,124,40,71,22,31,16,16,1.18900001049042,8.79800033569336,1,3,5.33799982070923,6.77400016784668
1,0,0,1,1,1,12,103,34,68,17,29,12,12,0.462000012397766,12.1190004348755,1,7,5.30800008773804,7.22599983215332
0,0,0,1,1,1,12,115,45,73,22,30,16,17,0,1,0,7,5.74599981307983,7.2810001373291
0,0,1,1,1,1,6,96,33,66,21,35,12,12,3.33299994468689,17.1310005187988,1,12,5.57200002670288,6.68499994277954
0,0,1,1,1,1,12,123,48,70,26,36,17,17,0.88400000333786,10.081000328064,4,7,5.62400007247925,7.46600008010864
0,0,0,1,1,1,12,98,34,68,17,29,12,12,0.377999991178513,12.28600025177,3,12,5.16499996185303,7.0479998588562
0,0,1,1,1,1,12,96,34,66,21,35,12,12,4.33300018310547,18.4029998779297,1,13,5.63500022888184,6.73299980163574
0,0,1,1,1,1,12,89,47,67,25,38,12,12,5,16.5510005950928,5,2,5.85799980163574,6.88500022888184
0,0,0,0,1,1,9,93,20,70,18,28,12,12,0.374000012874603,10.2480001449585,1,10,5.23600006103516,6.42799997329712
0,0,0,1,1,1,12,82,32,66,19,33,12,12,1.91600000858307,12.2919998168945,1,0,5.52099990844727,6.09100008010864
0,0,1,1,1,0,12,120,45,69,27,38,15,15,1.37800002098083,11.621000289917,2,1,6.55100011825562,6.39699983596802
0,0,1,1,1,1,12,122,38,71,23,32,12,12,5.32399988174438,15.3319997787476,6,15,6.06400012969971,7.21999979019165
0,0,1,1,1,1,12,117,48,73,25,33,18,18,1.46700000762939,8.32600021362305,2,2,6.72900009155273,7.40399980545044
0,0,1,1,1,1,8,109,44,73,28,36,16,16,1.61899995803833,8.48200035095215,5,13,6.38899993896484,7.28299999237061
1,0,1,1,1,1,12,114,55,69,27,38,17,18,1.46200001239777,12.3929996490479,1,7,6.35799980163574,7.74499988555908
0,0,1,1,1,1,12,126,40,70,21,31,16,16,0.551999986171722,10.4670000076294,1,11,6.22499990463257,7.42799997329712
0,0,0,1,1,1,11,82,45,68,21,33,12,12,0,10.2089996337891,3,2,5.2979998588562,7.11899995803833
0,0,0,1,1,1,12,119,45,69,21,32,16,16,0.941999971866608,11.326000213623,1,4,5.96600008010864,6.75099992752075
0,0,1,1,1,1,12,104,37,68,23,35,16,16,0,5.6560001373291,1,8,5.89699983596802,6.97700023651123
0,0,1,1,1,1,12,97,45,66,22,36,12,12,3.46099996566772,17.3339996337891,1,15,5.58300018310547,6.90799999237061
0,0,0,1,1,0,14,105,27,71,22,31,14,15,0.221000000834465,8.10599994659424,1,2,5.52099990844727,6.5149998664856
0,0,0,1,1,1,7,100,32,68,18,30,12,12,2.25,13.5719995498657,1,1,5.76200008392334,7.00299978256226
0,0,1,1,1,1,12,114,41,67,18,31,12,12,0,4.78900003433228,1,14,5.37099981307983,6.90399980545044
0,0,1,1,1,1,8,96,48,66,23,37,11,11,1.58299994468689,15.2279996871948,2,3,5.74300003051758,7.09000015258789
0,0,0,0,1,1,12,113,30,73,21,29,15,15,2.68199992179871,9.32699966430664,1,8,6.35799980163574,7.43499994277954
0,1,0,1,1,1,14,106,38,66,22,36,10,10,3.33299994468689,14.543999671936,1,3,5.48099994659424,6.5310001373291
0,0,1,1,1,1,8,104,37,69,21,32,13,13,0.128000006079674,9.05000019073486,4,5,5.74300003051758,6.625
0,0,0,1,1,1,12,104,30,73,22,30,12,13,0,3.80999994277954,0,2,6.10900020599365,6.72399997711182
0,0,0,1,1,0,16,122,36,70,20,30,12,13,0.381000012159348,8.22200012207031,1,1,5.2979998588562,6.36199998855591
0,0,0,1,1,1,12,96,38,66,20,34,12,12,0,13.4309997558594,3,3,5.41599988937378,6.51000022888184
0,0,0,1,1,1,16,95,51,69,25,36,15,15,2.30800008773804,12.41100025177,0,9,5.84600019454956,7.82399988174438
0,0,0,0,1,1,16,105,24,69,20,31,12,12,0,4.86100006103516,1,8,5.82299995422363,6.98099994659424
0,0,1,1,1,1,12,91,41,73,25,33,17,17,1.17799997329712,8.1899995803833,2,9,6.68499994277954,7.07800006866455
0,0,1,1,1,1,12,96,37,71,22,31,16,16,0.753000020980835,9.37199974060059,1,7,5.4210000038147,6.72499990463257
0,0,0,1,1,1,9,111,44,68,19,31,14,15,0.377999991178513,12.3050003051758,1,9,5.37099981307983,7.02299976348877
0,0,0,1,1,1,9,110,35,68,19,31,14,16,0,1,1,11,5.52099990844727,6.76300001144409
0,0,0,1,1,1,9,97,37,73,21,29,16,16,4.53299999237061,10.1140003204346,0,7,5.99100017547607,6.69399976730347
0,0,0,0,1,1,8,125,44,73,27,35,17,18,0,6.39300012588501,4,12,6.60900020599365,7.16900014877319
0,0,0,1,0,1,9,91,39,66,22,36,12,12,0,6.33400011062622,3,12,5.73000001907349,6.80600023269653
0,0,0,1,0,1,8,86,28,66,23,37,11,12,3.2590000629425,17.1909999847412,1,15,5.69999980926514,6.80200004577637
0,0,1,1,1,1,9,110,32,66,21,35,12,12,3.33299994468689,17.5879993438721,2,0,5.50500011444092,6.43800020217896
0,1,1,1,0,1,12,92,47,66,22,36,14,14,2.33299994468689,15.7770004272461,1,1,5.55700016021729,7.36899995803833
0,0,1,1,0,1,9,85,41,66,24,38,10,10,1.37800002098083,15.3020000457764,2,16,5.37099981307983,6.86899995803833
0,0,1,1,0,1,8,120,36,73,26,34,17,17,0.358000010251999,7.33599996566772,1,8,6.43800020217896,7.33900022506714
0,0,1,1,1,0,12,106,42,73,25,33,12,12,6.88600015640259,11.4270000457764,0,6,6.30999994277954,7.01200008392334
0,1,0,0,0,1,12,112,41,70,21,31,16,16,0.236000001430511,6.32299995422363,1,6,5.73000001907349,7.1560001373291
0,0,1,1,1,1,10,91,39,66,24,38,10,12,0,12.581000328064,1,2,6.15299987792969,6.64699983596802
0,0,1,1,1,1,10,90,42,66,24,38,12,12,2.64499998092651,16.1800003051758,3,0,5.99100017547607,6.90799999237061
0,0,0,1,0,0,12,113,27,68,17,29,12,12,0.096000000834465,10.6789999008179,1,10,5.07499980926514,6.61999988555908
0,0,1,1,1,1,12,111,51,66,24,38,12,13,0,5.03700017929077,2,16,5.82299995422363,6.48299980163574
0,0,0,1,1,1,12,111,30,67,20,33,12,12,2.37800002098083,15.3020000457764,1,3,5.19799995422363,6.39900016784668
0,0,0,1,1,1,8,106,32,70,18,28,12,13,0.451999992132187,10.2829999923706,1,11,5.01100015640259,6.39699983596802
0,0,0,0,0,1,12,98,28,68,18,30,12,12,0.231000006198883,11.4420003890991,1,10,5.16499996185303,6.07100009918213
0,0,0,1,0,1,12,105,28,68,18,30,12,12,0,11.1440000534058,1,7,5.49700021743774,7.07999992370605
0,0,1,1,0,0,10,105,29,66,19,33,10,12,0.977999985218048,14.9350004196167,1,15,5.60200023651123,6.45300006866455
0,0,1,1,1,1,12,118,44,70,22,32,13,13,0,9.35799980163574,4,14,6.18200016021729,7.11100006103516
0,0,1,1,1,1,12,90,38,66,22,36,12,12,4.66699981689453,18.6149997711182,5,19,5.81699991226196,7.0479998588562
0,0,0,0,1,1,9,95,34,67,19,32,12,12,0.981000006198883,14.5310001373291,3,11,5.05600023269653,6.76300001144409
0,0,1,1,1,1,12,112,24,71,20,29,13,14,0.41100001335144,9.29699993133545,3,5,6.05900001525879,6.93800020217896
0,0,1,1,1,1,12,120,39,71,23,32,12,12,0.402999997138977,9.31400012969971,2,11,5.99100017547607,6.95599985122681
0,0,0,1,1,1,12,123,41,68,17,29,12,12,0.377999991178513,11.753999710083,1,1,5.16499996185303,6.90799999237061
0,0,0,1,1,1,16,103,32,70,20,30,12,13,0.782000005245209,10.2360000610352,1,11,6.05900001525879,7.00799989700317
0,0,1,1,1,1,16,121,40,70,25,35,18,18,0.896000027656555,10.7489995956421,1,7,6.43800020217896,7.56199979782104
0,0,1,1,1,1,12,90,44,68,26,38,16,16,0,9.15200042724609,4,16,6.06799983978271,7.20499992370605
0,0,0,1,1,1,12,125,32,71,20,29,12,12,2.65199995040894,11.4779996871948,1,10,5.56099987030029,6.69600009918213
0,0,0,1,1,1,9,109,34,73,24,32,18,18,3.18600010871887,10.1079998016357,0,3,6.32399988174438,7.30999994277954
1,0,0,0,1,0,10,128,46,68,21,33,16,16,0.404000014066696,9.98400020599365,1,1,6.07499980926514,7.20499992370605
0,0,0,1,1,1,12,97,35,66,17,31,12,12,0.333000004291534,9.87199974060059,1,4,5.82000017166138,7.09000015258789
0,1,1,1,1,1,12,96,35,66,19,33,12,12,0,6.17999982833862,1,0,5.2979998588562,6.21500015258789
0,0,0,1,1,1,12,97,44,68,16,28,12,12,0.768999993801117,11.7969999313354,1,5,5.36600017547607,7.18900012969971
0,0,1,1,1,1,7,112,39,71,25,34,12,12,4.9850001335144,14.9809999465942,1,3,6.33300018310547,6.68499994277954
0,0,1,1,1,1,2,88,32,66,24,38,12,12,4,16.3619995117188,1,7,5.25699996948242,6.68499994277954
0,0,1,1,1,1,14,97,39,66,22,36,12,12,1.14199995994568,15.1969995498657,2,16,5.85799980163574,6.94099998474121
0,0,1,1,1,1,6,101,41,66,22,36,12,12,0,3.90799999237061,2,12,5.52099990844727,6.88800001144409
0,0,1,1,1,1,7,106,42,67,21,34,10,10,5.33300018310547,18.6609992980957,1,12,5.43800020217896,6.78399991989136
0,0,0,0,1,1,8,59,28,73,26,34,10,10,6.32100009918213,10.7650003433228,0,5,5.2979998588562,6.17399978637695
0,0,1,1,1,1,12,105,54,73,26,34,18,18,0.372000008821487,7.27299976348877,6,14,6.23400020599365,6.82800006866455
0,0,0,0,1,1,12,119,30,70,21,31,16,17,0,8.01000022888184,1,5,5.56500005722046,6.23999977111816
0,0,0,0,1,1,8,93,36,67,24,37,11,11,4.40299987792969,17.2259998321533,3,16,5.61700010299683,7.00799989700317
0,1,1,1,1,1,12,82,38,66,22,36,12,12,4.71700000762939,18.5869998931885,5,10,5.56099987030029,7.08400011062622
0,0,0,1,1,1,16,134,45,71,25,34,18,18,0,6.30399990081787,1,7,6.07100009918213,7.92700004577637
0,0,0,1,1,1,8,84,29,70,20,30,12,12,0.395000010728836,9.35000038146973,1,6,6.21500015258789,6.65799999237061
0,0,0,1,1,1,12,98,36,69,20,31,11,11,2.96199989318848,12.6669998168945,3,6,5.7039999961853,6.85599994659424
0,0,0,1,1,0,13,118,41,73,22,30,16,16,4.05700016021729,10.9420003890991,1,8,5.6560001373291,7.23999977111816
0,0,1,1,1,1,12,113,50,73,25,33,17,17,3.71199989318848,12.7189998626709,2,9,5.83799982070923,7.30999994277954
0,0,0,1,1,1,9,100,18,70,18,28,12,12,1.30799996852875,4.46099996566772,1,3,5.2979998588562,6.47700023651123
0,0,0,1,1,1,12,93,27,69,18,29,12,13,0,8.61600017547607,2,5,5.48899984359741,6.50699996948242
1,0,1,1,1,1,12,119,30,71,23,32,16,16,0,5.0149998664856,1,8,6.02799987792969,7.02600002288818
0,0,0,1,1,1,12,106,38,70,22,32,14,15,0.388999998569489,8.46300029754639,2,0,5.52099990844727,7.78499984741211
0,0,0,0,1,1,10,127,49,73,28,36,17,18,2.37800002098083,9.37399959564209,6,14,6.76300001144409,7.54899978637695
0,0,0,1,1,1,12,113,35,68,21,33,15,16,0.731000006198883,10.0459995269775,1,9,6.21500015258789,6.63000011444092
0,0,0,1,1,1,12,115,36,70,19,29,13,14,0.395000010728836,9.07400035858154,1,1,5.83799982070923,7.13100004196167
0,0,0,1,1,1,12,102,40,73,23,31,16,16,1.00499999523163,7.81899976730347,3,11,6.29699993133545,7.05800008773804
0,0,1,1,1,0,12,117,51,69,21,32,16,16,0.462000012397766,11.3950004577637,1,12,6.125,7.00299978256226
0,0,0,1,1,1,10,125,34,73,20,28,16,16,0.204999998211861,6.79400014877319,0,5,5.63500022888184,6.57100009918213
0,0,1,1,1,0,8,118,47,66,23,37,16,16,2.16700005531311,16.1000003814697,3,17,5.83799982070923,7.18400001525879
0,0,1,1,1,1,12,121,40,71,29,38,18,18,4.97100019454956,13.9650001525879,1,3,6.64499998092651,7.2519998550415
0,0,1,1,1,1,12,115,51,68,26,38,17,17,0,3.89499998092651,4,4,6.35799980163574,7.67899990081787
0,0,1,1,1,0,12,120,44,71,27,36,13,14,2.46199989318848,11.246000289917,7,16,6.28000020980835,7.14900016784668
0,0,1,1,1,1,11,109,43,69,24,35,12,12,5.13100004196167,16.1389999389648,4,15,5.86899995803833,7.03900003433228
0,0,0,0,1,1,12,109,28,67,17,30,12,13,0,7.03000020980835,1,4,5.16499996185303,6.35900020599365
0,0,1,1,0,0,12,85,50,71,29,38,12,12,10.0769996643066,17.4290008544922,2,8,6.11999988555908,6.96400022506714
0,0,0,1,1,1,11,106,32,73,21,29,14,14,1.53799998760223,8.52099990844727,2,9,5.6729998588562,6.61999988555908
0,0,1,1,1,1,10,101,30,67,17,30,12,12,0.377999991178513,11.3809995651245,1,6,5.01100015640259,6.90799999237061
0,0,0,1,1,1,12,116,40,67,17,30,12,12,0,9.12899971008301,1,7,5.52899980545044,6.85799980163574
0,0,0,1,1,1,7,91,24,67,18,31,12,12,0.962000012397766,12.9370002746582,1,2,4.94199991226196,6.45300006866455
0,0,0,1,1,1,11,91,28,66,20,34,12,12,0.333000004291534,12.5200004577637,3,1,4.91300010681152,7.13100004196167
0,0,0,1,1,1,7,110,34,66,20,34,9,12,0,6.09000015258789,1,15,5.41599988937378,6.5149998664856
0,0,1,1,1,1,7,75,33,73,24,32,12,12,6.69999980926514,11.2919998168945,0,6,5.16499996185303,5.99100017547607
0,0,0,1,1,1,12,94,17,71,20,29,12,12,0.96399998664856,8.63000011444092,1,8,5.07499980926514,6.35799980163574
1,0,0,1,1,0,12,109,27,71,20,29,13,13,1.58399999141693,10.4940004348755,1,7,6.02099990844727,6.38000011444092
0,0,1,1,0,0,8,122,38,71,22,31,16,16,0.874000012874603,9.80700016021729,1,10,5.70699977874756,6.82800006866455
0,0,0,0,1,1,11,102,26,71,23,32,12,12,0,5.54899978637695,2,2,5.2979998588562,7.13100004196167
0,0,1,1,1,1,8,122,38,70,23,33,14,14,2.68899989128113,10.5249996185303,1,8,5.58300018310547,7.00299978256226
0,0,1,1,1,1,10,105,38,66,23,37,12,12,4.37799978256226,17.746000289917,2,2,5.58699989318848,7.03000020980835
0,0,0,0,1,1,9,113,37,66,22,36,12,12,2,14.1350002288818,2,4,5.49300003051758,6.48000001907349
0,0,1,1,1,1,8,104,34,73,22,30,12,12,3.93199992179871,6.31099987030029,0,2,5.87200021743774,6.42700004577637
0,0,1,1,1,1,9,124,43,73,26,34,16,16,0.377000004053116,7.30999994277954,6,14,6.17600011825562,6.86899995803833
0,0,0,1,0,0,12,110,31,67,19,32,12,13,1.21800005435944,13.8000001907349,1,11,5.19299983978271,6.27099990844727
0,0,0,1,1,0,12,95,37,66,19,33,12,12,1.83299994468689,15.6639995574951,1,14,5.52099990844727,6.70599985122681
0,0,1,1,0,0,18,120,39,73,24,32,16,16,1.42200005054474,8.44299983978271,2,9,6.125,6.86899995803833
0,0,0,1,0,0,12,105,39,66,24,38,12,12,4.96400022506714,18.9790000915527,1,15,5.26300001144409,6.73299980163574
0,0,0,1,0,0,12,121,30,73,20,28,16,16,0.48199999332428,6.72499990463257,0,4,5.88899993896484,6.76399993896484
0,0,1,1,1,1,8,96,42,70,26,36,12,14,0,1,7,1,6.58599996566772,7.78499984741211
0,0,0,1,0,1,9,110,26,66,18,32,12,12,2.13599991798401,15.9790000915527,1,2,5.52899980545044,7.02600002288818
0,0,0,1,0,0,12,92,32,67,18,31,12,12,0,8.10499954223633,1,8,5.16499996185303,7.05600023269653
0,0,1,1,1,1,9,98,34,71,29,38,12,12,7.99100017547607,14.6169996261597,4,5,6.07100009918213,6.58300018310547
0,0,1,1,1,1,11,109,43,67,23,36,15,16,0.846000015735626,14.1049995422363,1,13,5.75899982452393,7.48299980163574
0,0,0,1,1,0,11,118,44,67,23,36,17,18,0.331000000238419,13.3090000152588,1,5,5.99900007247925,7.55100011825562
0,0,1,1,1,1,14,97,42,69,23,34,16,18,0,7.27600002288818,3,14,5.87200021743774,6.91800022125244
0,0,1,1,1,1,16,95,42,71,28,37,17,17,0,5.32299995422363,2,11,6.09100008010864,6.87799978256226
0,0,1,1,1,1,10,99,40,73,26,34,12,12,1.86600005626678,8.69499969482422,3,2,6.17600011825562,6.26300001144409
0,0,1,1,0,0,10,106,31,68,18,30,12,12,0.377999991178513,12.0109996795654,1,13,5.54099988937378,6.26300001144409
0,0,0,1,1,0,12,117,33,68,18,30,12,12,0.962000012397766,9.68900012969971,1,3,5.46000003814697,6.50699996948242
0,0,1,1,0,0,12,90,47,66,23,37,12,12,6.37799978256226,18.5550003051758,7,4,5.52099990844727,6.21500015258789
0,0,0,1,1,1,12,95,44,66,21,35,12,12,4.5,18.488000869751,1,15,5.20900011062622,6.30999994277954
0,0,0,1,1,1,12,115,43,66,18,32,12,12,1.33299994468689,14.1579999923706,1,1,5.45499992370605,6.21500015258789
0,0,0,0,1,1,12,106,40,71,22,31,14,15,1.50300002098083,10.4580001831055,5,5,5.63500022888184,6.58900022506714
0,0,0,1,0,0,8,114,26,68,18,30,12,12,0,6.45800018310547,1,8,5.2979998588562,6.76300001144409
0,1,0,1,0,1,12,92,34,70,20,30,12,13,0.717000007629395,8.46500015258789,2,2,5.79300022125244,6.98600006103516
0,0,1,1,0,0,13,119,36,73,23,31,16,17,1.70799994468689,8.66499996185303,2,9,6.30600023269653,7.1729998588562
0,0,0,1,0,0,13,85,32,70,20,30,13,13,0.677999973297119,6.44799995422363,1,1,4.92700004577637,6.35400009155273
0,0,0,1,0,0,12,98,34,71,21,30,16,16,0.36599999666214,7.0770001411438,1,1,5.85799980163574,6.43499994277954
0,0,1,1,0,0,12,114,30,73,20,28,12,13,1.45799994468689,8.40799999237061,3,10,5.58699989318848,6.24399995803833
0,0,1,1,0,1,8,84,42,66,23,37,18,18,0.377999991178513,14.335000038147,1,4,5.01100015640259,7.14900016784668
0,0,1,1,0,0,16,108,42,66,19,33,13,13,0.333000004291534,12.5190000534058,1,9,5.15299987792969,6.89799976348877
0,0,1,1,0,0,8,107,32,67,20,33,12,12,4.06699991226196,15.5780000686646,1,6,5.40299987792969,6.39699983596802
0,0,1,1,0,0,16,84,35,66,24,38,12,12,3.21199989318848,16.9640007019043,3,2,5.45100021362305,7.05600023269653
0,0,1,1,0,0,10,86,22,69,18,29,12,12,0.377999991178513,11.2519998550415,2,9,5.16499996185303,6.21500015258789
0,0,0,1,0,0,10,88,27,66,21,35,12,12,3.37800002098083,17.2689990997314,4,18,5.54099988937378,6.67799997329712
0,0,1,1,1,1,12,117,45,70,23,33,16,16,0.875999987125397,9.84500026702881,1,7,6.13600015640259,7.13100004196167
0,0,0,0,1,1,12,110,42,73,22,30,16,16,5.76800012588501,12.6049995422363,2,9,6.19199991226196,6.92199993133545
0,0,1,1,1,1,9,104,32,71,24,33,12,13,4.89799976348877,12.6020002365112,1,3,6.61999988555908,7.13100004196167
0,0,0,1,1,1,9,110,26,70,19,29,13,14,0,3.91799998283386,3,13,5.67000007629395,6.81699991226196
0,0,1,1,1,1,11,99,33,73,22,30,16,16,3.12100005149841,8.5629997253418,1,8,5.95100021362305,7.20499992370605
0,0,0,1,1,1,12,117,31,70,18,28,12,14,0,7.02500009536743,1,1,5.67000007629395,7.13100004196167
0,0,1,1,0,1,8,85,39,71,23,32,16,16,0,8.35200023651123,1,2,5.71000003814697,6.71099996566772
0,0,1,1,0,1,11,114,36,73,21,29,16,16,4.19099998474121,9.44499969482422,0,7,5.84600019454956,6.67700004577637
0,0,1,1,0,0,12,107,30,73,21,29,15,18,0,6.26700019836426,5,3,5.69000005722046,6.25400018692017
0,0,1,1,1,1,12,117,41,69,26,37,18,18,0.628000020980835,11.5380001068115,1,12,6.40199995040894,7.45599985122681
0,0,1,1,1,1,16,112,47,73,30,38,18,18,2.3970000743866,9.34799957275391,3,10,6.64499998092651,7.56199979782104
0,0,1,1,1,1,14,106,46,71,28,37,18,18,1.01300001144409,9.8129997253418,1,2,6.42199993133545,7.05200004577637
0,0,0,1,1,1,12,116,38,70,21,31,14,15,0,9.36999988555908,1,4,5.84600019454956,7.67899990081787
0,0,0,1,1,1,8,123,44,70,21,31,14,14,0,8.3459997177124,3,7,5.95300006866455,6.82800006866455
0,0,0,1,1,1,8,118,40,68,21,33,16,16,0.377999991178513,12.3879995346069,1,13,6.07100009918213,7.01700019836426
0,0,1,1,1,1,12,103,29,69,23,34,12,12,0,9.92700004577637,1,11,6.5,7.31300020217896
0,0,1,1,1,1,8,114,40,66,23,37,12,14,5.33300018310547,19.6830005645752,2,3,5.64900016784668,6.71700000762939
0,0,1,1,1,1,12,102,36,66,21,35,12,12,4.27299976348877,16.382999420166,5,8,5.09999990463257,6.84299993515015
0,0,0,1,1,1,6,104,36,66,22,36,12,12,4.73299980163574,18.7229995727539,1,15,5.59800004959106,6.88600015640259
0,0,0,0,1,1,14,112,43,66,19,33,14,14,0.377999991178513,14.2690000534058,1,12,5.56099987030029,6.93800020217896
0,0,0,1,1,1,12,107,39,68,18,30,12,12,0.345999985933304,9.73700046539307,1,1,5.69399976730347,7.14799976348877
0,1,1,1,1,1,12,117,36,71,25,34,13,14,4.93300008773804,15.7130002975464,3,12,5.87200021743774,7.03499984741211
0,0,1,1,1,1,12,96,42,66,19,33,12,12,0,8.49400043487549,2,9,5.2979998588562,7.19999980926514
0,0,0,1,1,1,8,97,27,69,18,29,12,12,0.354000002145767,9.92599964141846,1,6,5.91400003433228,6.84100008010864
0,1,0,1,1,0,8,99,29,69,19,30,10,10,2.62800002098083,12.0389995574951,1,2,5.39400005340576,5.92700004577637
0,0,0,0,1,1,8,126,44,70,21,31,14,14,0.906000018119812,10.2840003967285,3,1,5.78399991989136,6.83500003814697
0,0,0,1,1,0,12,109,49,67,25,38,17,17,0.981000006198883,13.081000328064,1,4,5.88600015640259,7.05200004577637
0,0,0,1,1,1,12,119,48,68,21,33,16,16,0.0579999983310699,12.4709997177124,0,1,4.94199991226196,6.43300008773804
0,0,1,1,1,1,12,102,38,73,21,29,16,16,3.14299988746643,10.0310001373291,1,1,5.85799980163574,6.7350001335144
0,0,0,0,1,1,9,105,45,66,24,38,17,18,0,7.26399993896484,1,15,5.35200023651123,6.64499998092651
0,0,0,1,1,0,12,117,40,71,20,29,16,17,0,7.90799999237061,1,5,5.66599988937378,6.375
0,0,0,1,1,1,12,112,40,66,24,38,16,16,3.25,17.2310009002686,4,18,5.93499994277954,7.56199979782104
0,0,0,1,1,1,8,89,28,67,16,29,10,12,0,7.42399978637695,0,3,5.35699987411499,6.96400022506714
0,0,0,0,1,1,12,131,39,70,18,28,12,12,0,7.04300022125244,1,1,5.75899982452393,6.03200006484985
0,0,1,1,1,1,16,114,28,73,20,28,16,16,0.815999984741211,6.48899984359741,0,6,6.29699993133545,7.09200000762939
0,0,0,1,1,1,10,98,35,66,23,37,12,14,4.71199989318848,17.8980007171631,6,2,5.73699998855591,7.05100011825562
0,0,0,1,1,1,12,125,30,71,20,29,13,14,1.36099994182587,10.0069999694824,2,11,6.03999996185303,7.09200000762939
0,0,0,1,1,1,10,100,38,69,25,36,16,18,2.37800002098083,13.3920001983643,1,3,5.83799982070923,6.56699991226196
0,0,0,1,1,1,8,113,26,70,18,28,12,12,0,6.57600021362305,4,3,5.61700010299683,6.74499988555908
0,0,0,1,1,1,10,102,46,68,23,35,16,16,1,13.4969997406006,1,11,5.66300010681152,6.90799999237061
0,0,0,0,1,1,12,82,33,73,23,31,18,18,0.377999991178513,7.30200004577637,5,8,5.43800020217896,6.19500017166138
0,0,1,1,1,1,12,112,47,66,21,35,14,14,1.57500004768372,15.3929996490479,2,4,5.65199995040894,6.90799999237061
1,1,0,1,1,1,8,111,38,73,23,31,16,16,0,10.9029998779297,0,4,5.40299987792969,6.76300001144409
0,0,0,1,1,1,11,96,24,69,19,30,13,13,0,2.78900003433228,1,3,5.2979998588562,7.22599983215332
0,0,0,1,1,1,16,127,48,66,23,37,16,16,1.33299994468689,15.6090002059937,1,12,5.69399976730347,7.36899995803833
0,0,0,1,1,1,8,97,47,67,24,37,14,15,1,13.9890003204346,1,14,6.21500015258789,7.37900018692017
0,1,1,1,1,1,12,120,50,69,25,36,14,14,0.795000016689301,11.8549995422363,2,13,6.61999988555908,8.0319995880127
0,0,0,0,1,1,16,101,41,73,27,35,16,16,0.397000014781952,7.38600015640259,2,9,5.99100017547607,6.80000019073486
0,0,0,1,1,1,12,120,40,66,23,37,14,14,3.33299994468689,15.6520004272461,2,2,5.81099987030029,6.80900001525879
0,0,0,0,1,1,5,110,23,66,18,32,12,12,1.33299994468689,15.1719999313354,3,13,5.82000017166138,6.09700012207031
0,0,0,1,1,1,5,94,35,67,17,30,9,12,0,9.21300029754639,1,0,4.82800006866455,5.66499996185303
0,0,1,1,1,1,17,120,50,70,27,37,16,16,2.26099991798401,12.173999786377,5,15,6.29199981689453,7.27500009536743
0,0,1,1,1,1,8,108,45,66,22,36,12,12,5.37799978256226,19.3740005493164,7,21,5.66300010681152,6.86899995803833
0,0,0,1,1,1,11,103,31,66,19,33,9,12,3.58299994468689,17.1259994506836,1,10,5.84600019454956,6.98000001907349
0,0,1,1,1,1,11,106,36,67,22,35,12,12,1,13.835000038147,6,19,6.01599979400635,7.13100004196167
0,0,0,0,1,1,12,119,37,73,29,37,16,16,0.377999991178513,6.96099996566772,10,18,6.49200010299683,6.95699977874756
0,0,1,1,1,1,8,87,33,71,27,36,12,12,7.28200006484985,17.8209991455078,1,9,5.85799980163574,6.98400020599365
0,0,1,1,1,1,11,121,49,68,22,34,16,17,0,11.6450004577637,1,13,5.46400022506714,6.48299980163574
0,0,0,1,1,1,12,112,33,70,20,30,12,12,0,7.61299991607666,1,10,5.42500019073486,6.65999984741211
0,1,1,1,1,0,12,103,36,71,27,36,12,15,0,8.4350004196167,7,2,6.08199977874756,6.94500017166138
0,0,1,1,1,1,16,99,48,66,23,37,16,16,1.33299994468689,16.238000869751,1,14,5.84600019454956,7.56199979782104
0,0,1,1,1,1,12,101,40,66,23,37,14,15,1.37800002098083,15.2639999389648,3,17,5.75899982452393,7.09200000762939
0,0,1,1,1,1,8,109,41,69,25,36,13,14,0.377999991178513,11.3179998397827,3,14,5.74900007247925,6.80800008773804
0,0,0,1,1,1,12,73,46,68,19,31,12,12,0,6.23699998855591,1,8,5.83500003814697,6.79099988937378
0,1,1,1,1,0,16,116,27,70,21,31,16,16,0.310999989509583,10.1619997024536,1,7,5.78399991989136,6.70599985122681
0,0,0,0,1,1,12,98,42,69,18,29,12,12,0,9.86200046539307,1,2,5.14200019836426,6.69999980926514
1,1,0,1,1,1,14,104,43,70,20,30,13,14,0.328000009059906,5.88000011444092,1,2,5.2979998588562,6.35799980163574
0,0,0,1,1,1,12,78,29,68,19,31,12,14,0,9.00399971008301,0,2,4.92000007629395,6.62799978256226
0,0,1,1,1,1,12,85,39,66,20,34,11,12,2.12800002098083,14.0299997329712,1,1,5.2979998588562,7.05200004577637
0,0,0,1,1,1,12,104,25,68,17,29,12,12,0.453000009059906,12.3850002288818,1,7,5.38000011444092,6.93200016021729
0,0,1,1,1,1,8,109,48,66,23,37,12,12,6.37799978256226,20.2840003967285,8,22,5.75899982452393,6.90899991989136
0,0,0,1,1,1,10,96,33,69,19,30,13,13,0,10.7220001220703,1,12,5.48099994659424,7.11499977111816
0,0,1,1,1,0,12,90,32,66,23,37,12,12,4.33300018310547,17.0319995880127,4,1,5.39400005340576,6.57100009918213
0,0,1,1,1,1,12,103,29,73,24,32,15,15,1.46200001239777,8.39799976348877,2,3,6.15299987792969,6.90799999237061
0,1,1,1,1,1,14,106,41,68,21,33,16,16,0.333000004291534,12.3420000076294,1,13,5.93499994277954,7.63399982452393
0,0,1,1,1,1,14,96,32,73,22,30,16,16,4.2350001335144,11.1079998016357,0,5,6.10500001907349,6.81599998474121
0,1,1,1,1,1,8,114,39,70,20,30,12,12,0.492000013589859,7.75699996948242,2,5,5.2979998588562,6.39699983596802
0,0,0,1,1,1,9,86,33,66,17,31,10,11,0.333000004291534,12.9820003509521,1,1,4.78700017929077,6.85699987411499
1,1,1,1,1,1,13,110,38,73,24,32,16,16,1.75300002098083,8.47999954223633,0,5,6.05200004577637,6.56699991226196
0,0,1,1,1,1,12,87,41,66,24,38,12,12,4.29500007629395,18.2630004882812,7,9,5.85200023651123,7.0479998588562
0,0,0,1,1,1,13,89,31,69,17,28,12,12,0,9.15999984741211,2,5,5.2979998588562,6.90799999237061
0,0,1,1,1,1,8,106,40,67,18,31,12,12,1.76900005340576,14.7489995956421,1,10,5.74300003051758,6.7350001335144
0,0,0,1,1,1,5,100,43,67,19,32,12,12,0.910000026226044,12.2810001373291,1,3,5.47599983215332,5.99100017547607
0,0,1,1,1,1,16,111,38,67,21,34,12,12,4.42799997329712,17.4459991455078,1,14,5.85799980163574,7.06899976730347
0,0,1,1,1,1,12,100,40,66,23,37,12,12,3.51500010490417,17.6200008392334,4,2,5.92700004577637,7.09200000762939
0,0,1,1,1,1,12,114,38,67,20,33,12,12,3.37800002098083,16.3649997711182,4,17,5.66300010681152,7.27400016784668
0,0,1,1,1,1,13,98,45,73,26,34,18,18,0,5.05700016021729,0,1,6.03299999237061,6.28700017929077
0,0,0,1,1,1,9,89,24,68,18,30,11,11,0.795000016689301,12.7950000762939,1,10,5.85799980163574,6.66099977493286
0,0,1,1,1,1,11,74,23,67,17,30,10,10,0.462000012397766,13.418999671936,1,9,5.2979998588562,6.61999988555908
0,0,1,1,0,1,11,130,29,68,26,38,13,13,2.79500007629395,14.3690004348755,3,1,5.7039999961853,6.55100011825562
0,0,1,1,1,1,12,108,51,71,27,36,16,16,0.365000009536743,9.41100025177002,1,4,6.16499996185303,7.20499992370605
0,0,1,1,0,0,10,98,31,66,19,33,12,12,2.33299994468689,16.0939998626709,2,12,5.38899993896484,6.68499994277954
0,0,0,1,1,1,16,125,27,71,21,30,16,16,0.368999987840652,9.30700016021729,1,10,5.95300006866455,7.13100004196167
0,0,1,1,1,1,12,104,29,73,21,29,16,16,0,4.72700023651123,1,8,5.76200008392334,7.00799989700317
0,0,0,0,1,1,8,98,33,69,19,30,12,14,3,11.8190002441406,0,1,5.55700016021729,6.16300010681152
0,0,1,1,0,0,11,104,37,73,25,33,15,15,0,6.06300020217896,3,4,6.03299999237061,6.63600015640259
0,0,0,1,1,1,8,120,33,66,22,36,12,12,4.61700010299683,18.4950008392334,5,19,5.52099990844727,6.86899995803833
0,1,0,0,1,1,8,134,38,67,17,30,12,13,0,9.38599967956543,1,9,5.2979998588562,6.58099985122681
0,0,1,1,1,1,8,92,28,66,20,34,9,9,4.25,18.4099998474121,4,13,5.375,6.68499994277954
0,0,1,1,0,1,13,129,34,73,22,30,16,16,4.5479998588562,11.4700002670288,2,9,5.86600017547607,6.48899984359741
0,0,1,1,0,1,12,118,42,71,27,36,13,14,0,4.34899997711182,7,16,6.19199991226196,7.14699983596802
0,0,0,1,0,0,12,107,37,69,17,28,12,12,0.377999991178513,10.7889995574951,1,7,5.82000017166138,7.17999982833862
0,0,1,1,1,1,12,92,37,66,24,38,12,12,5.46099996566772,19.4060001373291,1,15,5.60599994659424,6.71400022506714
0,0,0,1,1,1,16,118,33,73,21,29,16,16,0.377999991178513,6.45599985122681,0,7,4.82800006866455,7.27400016784668
0,0,1,1,1,1,12,108,38,73,23,31,17,17,0.669000029563904,6.51599979400635,0,3,6.05200004577637,7.24399995803833
0,0,1,1,0,0,12,119,42,66,22,36,12,12,5.33300018310547,19.7350006103516,1,5,5.20900011062622,6.94500017166138
0,0,0,1,0,0,8,109,29,69,18,29,12,12,0.414000004529953,11.4359998703003,1,12,5.50099992752075,6.50400018692017
0,0,1,1,0,0,8,91,41,71,27,36,12,12,9.08600044250488,17.9069995880127,1,10,5.90799999237061,7.00299978256226
0,0,0,1,0,1,12,118,38,69,19,30,14,14,0,8.55200004577637,1,7,5.2979998588562,6.90799999237061
0,0,0,1,0,0,14,119,37,68,18,30,13,13,0,9.13799953460693,1,2,5.37099981307983,6.26000022888184
0,0,0,1,0,0,14,103,33,68,19,31,13,14,1.31400001049042,13.2489995956421,1,13,6.15899991989136,7.01300001144409
0,0,1,1,0,0,12,120,25,73,20,28,16,16,0,6.07200002670288,0,4,5.92700004577637,6.86899995803833
0,0,1,1,1,1,8,122,40,67,21,34,16,18,0,6.16499996185303,1,13,5.0939998626709,6.59100008010864
0,0,0,1,0,1,8,119,35,69,17,28,12,12,0.423000007867813,9.20499992370605,2,5,5.2979998588562,6.53700017929077
0,0,1,1,0,0,9,104,37,71,29,38,11,11,7.31799983978271,14.9440002441406,6,7,6.43800020217896,6.91800022125244
0,1,0,1,0,1,8,96,22,69,18,29,10,11,0.736999988555908,7.13600015640259,0,2,5.40299987792969,6.39699983596802
0,0,1,1,0,0,8,83,36,67,21,34,12,12,2.91400003433228,15.8050003051758,4,17,5.41599988937378,6.3899998664856
0,0,0,1,0,1,10,88,27,69,18,29,12,12,0.462000012397766,9.29699993133545,0,2,5.76800012588501,6.50699996948242
0,0,0,1,0,0,8,96,43,66,22,36,12,12,2.99499988555908,16.882999420166,4,18,5.2979998588562,6.67600011825562
0,1,1,1,1,0,12,123,42,66,24,38,17,17,1.83299994468689,14.3900003433228,2,7,6.00899982452393,7.27400016784668
0,1,1,1,1,1,11,108,43,66,20,34,12,12,2.33299994468689,14.2720003128052,1,8,5.01100015640259,6.50699996948242
0,0,0,1,1,1,12,116,35,73,21,29,16,16,2.5,9.5600004196167,1,8,6.32299995422363,6.77500009536743
0,0,1,1,0,0,16,109,45,68,24,36,18,18,0.907999992370605,12.6999998092651,1,2,5.96600008010864,6.7350001335144
0,0,0,1,1,1,12,97,39,71,22,31,12,13,2.56800007820129,7.63000011444092,1,0,4.94199991226196,6.88199996948242
0,0,0,1,0,0,12,107,34,69,17,28,12,12,1,7.35500001907349,2,3,5.01100015640259,7.10900020599365
0,1,1,1,0,1,12,95,27,71,26,35,12,12,8.02700042724609,16.3969993591309,2,5,5.89400005340576,6.81300020217896
0,0,1,1,1,1,15,109,31,73,22,30,14,15,1.38399994373322,8.32400035858154,2,2,5.73999977111816,6.27899980545044
0,0,1,1,0,0,12,104,36,66,19,33,12,12,1.89999997615814,15.2810001373291,3,11,5.76800012588501,6.61999988555908
0,0,1,1,0,1,12,110,37,66,24,38,12,12,1.66700005531311,15.6719999313354,2,4,5.7039999961853,7.09499979019165
0,0,0,0,1,0,13,94,40,71,27,36,13,13,4.08799982070923,16.7220001220703,1,1,6.17600011825562,6.61399984359741
0,1,1,1,0,0,8,103,38,66,23,37,12,12,2.41599988937378,15.2709999084473,2,1,5.90000009536743,6.80200004577637
0,0,0,1,1,1,8,123,45,66,18,32,12,14,0,8.65200042724609,1,14,5.72700023651123,7.06500005722046
0,0,0,1,0,0,6,113,33,68,19,31,12,12,0.377999991178513,12.246000289917,1,3,5.2979998588562,6.29199981689453
0,0,0,1,0,0,12,100,31,70,20,30,13,14,0,9.2189998626709,1,4,5.13600015640259,6.42199993133545
0,0,0,1,0,1,12,95,39,66,17,31,12,13,0,6.1560001373291,1,2,4.97700023651123,6.81199979782104
0,0,1,1,0,0,8,100,34,66,22,36,12,12,3.83100008964539,17.6959991455078,5,12,5.27299976348877,6.64499998092651
0,0,1,1,1,1,15,108,39,66,23,37,13,13,3.72499990463257,17.4109992980957,4,18,5.67000007629395,6.89200019836426
0,0,1,1,1,1,12,101,47,67,24,37,12,12,0.768999993801117,14.6300001144409,1,12,5.36100006103516,6.72499990463257
0,0,0,0,1,1,12,90,43,66,21,35,12,12,2.25,16.7509994506836,2,10,5.2979998588562,6.77899980545044
0,0,1,1,1,1,8,115,41,66,21,35,12,12,2.94000005722046,16.1650009155273,4,7,5.73699998855591,6.93400001525879
0,0,0,1,1,1,11,84,33,70,19,29,13,13,0.497000008821487,10.3909997940063,1,1,5.36100006103516,6.14200019836426
0,0,1,1,1,1,12,125,44,67,24,37,14,14,0,8.9060001373291,2,0,5.57200002670288,6.46299982070923
0,0,1,1,1,1,11,107,42,66,24,38,12,12,6.33300018310547,21.121000289917,5,14,6.22900009155273,6.94199991226196
0,0,0,0,1,1,8,129,33,68,20,32,13,14,0,8.85799980163574,1,3,5.85799980163574,7.09999990463257
0,0,0,1,1,1,12,98,40,69,19,30,12,12,1.69200003147125,11.0839996337891,1,6,5.92700004577637,6.85599994659424
0,0,0,1,1,1,8,108,41,66,24,38,12,12,5.19000005722046,18.6669998168945,6,20,5.68400001525879,6.8439998626709
1,0,1,1,1,1,2,114,37,73,22,30,16,16,0.779999971389771,7.64900016784668,1,8,6.20499992370605,7.13100004196167
0,0,1,1,0,0,12,111,37,71,25,34,16,18,0,6.14499998092651,1,10,5.66300010681152,6.37400007247925
0,0,0,1,0,0,12,101,29,71,19,28,12,12,0.981000006198883,6.66099977493286,1,6,5.2979998588562,6.54099988937378
0,0,0,0,0,0,12,99,25,66,20,34,12,12,3.08299994468689,17.5009994506836,1,12,4.94899988174438,6.33199977874756
0,0,0,0,0,0,12,75,24,68,18,30,11,12,1.19200003147125,12.289999961853,1,5,5.10599994659424,5.92799997329712
0,0,0,1,0,0,6,91,29,66,24,38,12,12,0,7.31899976730347,1,11,5.78700017929077,6.51200008392334
0,0,1,1,0,0,12,113,38,68,21,33,16,17,0,0.691999971866608,1,13,5.47200012207031,6.48299980163574
0,0,1,1,0,0,8,120,34,71,26,35,12,12,8.44400024414062,16.6900005340576,1,7,5.50099992752075,6.53999996185303
0,0,0,1,1,1,12,98,32,70,19,29,13,14,0.368999987840652,9.79500007629395,1,1,5.52099990844727,7.01300001144409
0,1,1,1,1,1,16,107,31,70,23,33,16,16,0.458000004291534,10.5120000839233,2,1,6.09800004959106,7.22100019454956
0,0,1,1,1,1,12,121,39,73,24,32,18,18,0.38400000333786,7.25,5,13,6.21500015258789,7.1560001373291
0,0,0,1,1,1,12,134,42,67,22,35,15,15,0,15.0570001602173,1,7,5.66300010681152,7.20499992370605
0,0,0,0,1,1,12,120,38,73,21,29,16,16,0.75,7.66300010681152,1,5,6.29699993133545,6.75
0,0,0,0,1,1,12,105,36,70,22,32,15,15,1.01999998092651,9.05500030517578,1,5,5.61700010299683,6.78900003433228
0,0,1,1,1,1,10,121,40,73,26,34,12,12,0,4.56300020217896,3,10,6.30100011825562,7.05700016021729
0,0,1,1,1,1,12,113,29,71,21,30,16,16,0.462999999523163,8.77299976348877,1,0,5.82299995422363,6.36899995803833
0,0,1,1,1,1,12,106,37,71,20,29,12,12,0,4.80100011825562,1,3,5.78399991989136,7.13899993896484
0,0,1,1,1,0,9,104,41,73,27,35,18,18,1.40799999237061,8.31900024414062,5,13,6.60300016403198,6.85300016403198
0,0,0,1,1,1,10,80,23,66,19,33,11,11,0,13.923999786377,1,15,5.61700010299683,7.52299976348877
0,0,0,1,1,1,10,117,28,67,17,30,12,12,1,13.2259998321533,1,2,5.78399991989136,7.36199998855591
0,0,0,0,1,1,12,126,42,73,20,28,16,16,1.38499999046326,10.3489999771118,1,8,5.71400022506714,6.63100004196167
0,0,0,1,1,1,10,112,42,66,22,36,12,12,4.96099996566772,18.9570007324219,1,15,5.57999992370605,7.27400016784668
0,0,0,1,1,1,6,83,20,70,22,32,12,12,3.15599989891052,13.0830001831055,1,11,5.76200008392334,6.21500015258789
0,0,0,1,1,1,6,84,13,67,19,32,10,12,0,12.5590000152588,1,9,4.82800006866455,7.09000015258789
0,0,0,1,1,0,12,109,32,67,18,31,12,12,0.377999991178513,13.0310001373291,1,2,5.98899984359741,7.55999994277954
0,0,0,1,1,1,12,111,25,73,21,29,14,14,0,6.51100015640259,0,7,6.13100004196167,6.52799987792969
0,0,1,1,0,0,12,94,33,66,23,37,12,12,6.46199989318848,20.2859992980957,1,4,5.54899978637695,6.65100002288818
0,0,0,1,0,0,12,96,32,67,17,30,12,16,0,7.28900003433228,1,4,5.7039999961853,5.4520001411438
0,0,0,1,0,0,12,101,33,69,19,30,13,13,0.672999978065491,12.2729997634888,1,10,5.72399997711182,6.88199996948242
0,0,1,1,1,1,12,90,35,68,18,30,11,12,0,13.2600002288818,1,1,5.86899995803833,7.21999979019165
0,1,1,1,1,1,12,120,48,67,24,37,16,16,3.37800002098083,16.2980003356934,4,3,6.22499990463257,7.66699981689453
0,1,0,1,1,1,12,120,38,73,21,29,16,16,2.23099994659424,10.1800003051758,0,1,6.06599998474121,6.55100011825562
0,0,1,1,1,1,8,108,29,66,19,33,12,12,2.37800002098083,16.2360000610352,3,11,5.73699998855591,7.09000015258789
0,0,1,1,1,1,12,99,43,66,22,36,13,13,2.19000005722046,16.1310005187988,4,18,5.76200008392334,7.05700016021729
0,0,1,1,1,1,12,80,31,66,20,34,11,11,2.46199989318848,16.3120002746582,1,15,5.60200023651123,6.59200000762939
0,0,1,1,1,1,10,93,45,66,22,36,11,11,5.33300018310547,17.3929996490479,3,2,5.63100004196167,6.61999988555908
0,0,0,1,1,1,11,118,43,69,21,32,13,15,0.377999991178513,11.0790004730225,1,3,5.52099990844727,7.01300001144409
0,0,0,1,1,1,12,115,31,67,18,31,11,12,1,11.8339996337891,1,8,5.50500011444092,6.43800020217896
0,0,0,1,1,1,10,119,28,73,22,30,16,16,3.73900008201599,10.6300001144409,0,5,5.2979998588562,7.09000015258789
0,0,0,1,1,1,12,94,39,67,19,32,12,12,0,8.01900005340576,1,1,5.50099992752075,7.34000015258789
0,0,1,1,1,1,13,109,42,73,26,34,16,16,4.84200000762939,11.7569999694824,0,9,5.94299983978271,7.05100011825562
0,0,0,0,1,0,14,104,37,68,21,33,13,13,2.37800002098083,10.423999786377,1,0,5.08099985122681,5.73699998855591
0,0,0,1,0,0,7,89,21,67,17,30,11,12,1.0900000333786,14.0480003356934,1,4,4.82800006866455,6.41300010681152
0,0,0,1,0,0,12,101,28,66,22,36,12,12,2.35400009155273,16.306999206543,3,17,5.52099990844727,7.46700000762939
0,1,0,0,0,1,12,96,34,71,22,31,16,16,0,8.73400020599365,1,1,5.7039999961853,6.90799999237061
0,0,1,1,0,0,9,109,48,66,22,36,12,12,1.58299994468689,14.1750001907349,1,1,5.06300020217896,5.85799980163574
0,0,1,1,0,0,4,94,38,66,23,37,12,12,3.08299994468689,17.0629997253418,4,18,5.37099981307983,6.6399998664856
0,0,0,1,0,0,6,115,34,66,20,34,12,12,1.47300004959106,15.3039999008179,2,2,5.52099990844727,6.67199993133545
0,0,1,1,0,0,8,92,41,66,24,38,12,12,2.16100001335144,16.0610008239746,3,17,5.64900016784668,6.70699977874756
0,0,0,1,0,0,11,71,32,67,17,30,9,9,0.518999993801117,11.7829999923706,1,1,5.46000003814697,6.16699981689453
0,0,1,1,0,0,12,130,39,66,19,33,11,14,0,14.6339998245239,1,1,4.88299989700317,6.8439998626709
0,0,0,1,0,1,12,119,38,70,22,32,16,16,0.228000000119209,9.68200016021729,1,4,5.84600019454956,7.64900016784668
0,0,0,1,1,1,10,74,24,66,18,32,9,12,0.462000012397766,14.3889999389648,1,3,4.8600001335144,5.85799980163574
0,0,1,1,1,1,10,124,23,73,20,28,15,15,3.75399994850159,10.6120004653931,1,8,6.03299999237061,7.09200000762939
0,0,1,1,0,0,12,94,29,71,22,31,14,15,0.456999987363815,9.36200046539307,1,4,5.2979998588562,6.10900020599365
0,0,1,1,0,0,12,120,44,71,28,37,16,16,6.36299991607666,16.2730007171631,4,13,5.50099992752075,6.96400022506714
0,0,1,1,1,1,8,96,40,66,23,37,11,11,1.54499995708466,15.4069995880127,1,15,5.75899982452393,6.90799999237061
0,0,0,1,1,1,12,98,42,69,17,28,12,12,0.423000007867813,11.2130002975464,1,9,5.2979998588562,6.86499977111816
0,0,0,1,0,0,9,109,44,66,19,33,12,14,2.33299994468689,16.2810001373291,2,5,5.19799995422363,7.37799978256226
0,0,0,0,1,0,12,100,39,73,22,30,17,18,0,5.80700016021729,0,5,6.20100021362305,6.40700006484985
0,0,0,1,0,1,11,101,25,68,18,30,12,12,0.537999987602234,12.6529998779297,1,1,5.2519998550415,6.23699998855591
0,1,1,1,0,1,12,111,40,69,21,32,16,16,0.166999995708466,11.0550003051758,1,12,6.17399978637695,7.2519998550415
0,0,1,1,0,1,8,106,38,69,26,37,16,16,2.98099994659424,14.7279996871948,5,11,6.13299989700317,7.20499992370605
0,0,1,1,0,0,12,102,37,66,23,37,12,12,1.12800002098083,15.0749998092651,2,16,5.7039999961853,7.32800006866455
0,0,0,1,0,0,12,115,28,71,21,30,14,14,0.74099999666214,9.31700038909912,1,10,5.84600019454956,6.98000001907349
0,0,1,1,0,1,10,99,37,70,18,28,12,12,1.38699996471405,11.3319997787476,1,11,6.21500015258789,7.09000015258789
0,0,1,1,0,1,11,118,48,66,22,36,16,16,1.33299994468689,15.2370004653931,2,1,5.55700016021729,7.22800016403198
0,0,0,1,1,0,13,132,37,69,22,33,13,13,0,7.64599990844727,1,2,5.77799987792969,6.77299976348877
0,0,0,1,1,1,12,108,26,68,18,30,13,13,0.333000004291534,11.1660003662109,1,9,5.75899982452393,6.43800020217896
0,0,0,1,1,1,14,98,40,66,19,33,12,12,2.16599988937378,16.9759998321533,2,2,5.54500007629395,7.13100004196167
0,0,0,1,1,1,8,111,44,66,22,36,12,13,6.08300018310547,20.3589992523193,1,12,5.55299997329712,6.98699998855591
0,0,1,1,1,0,8,79,36,66,24,38,11,11,4.35599994659424,17.9409999847412,4,3,5.41200017929077,6.54099988937378
0,0,0,1,0,0,12,97,29,68,19,31,12,12,1,11.0970001220703,1,11,5.2979998588562,6.58900022506714
0,0,1,1,0,0,12,99,49,66,24,38,15,15,2.33299994468689,16.2830009460449,1,15,4.65399980545044,6.42199993133545
0,0,0,1,1,1,12,101,33,73,23,31,16,16,0,5.2810001373291,0,7,5.7039999961853,6.81699991226196
0,0,0,1,0,0,12,120,45,66,22,36,17,17,0,3.90300011634827,2,10,5.39400005340576,6.78399991989136
0,0,0,1,1,1,8,97,33,69,18,29,12,12,0.377999991178513,10.3570003509521,2,4,5.2979998588562,6.5479998588562
0,0,1,1,0,0,8,106,34,67,23,36,12,12,4.74700021743774,16.6979999542236,5,18,4.98999977111816,6.68400001525879
0,0,0,0,0,0,12,131,44,71,21,30,16,16,0.477999985218048,8.92500019073486,2,3,6.17600011825562,6.69999980926514
0,0,1,1,0,1,12,93,32,66,20,34,10,11,2.04500007629395,16.1009998321533,1,14,5.50099992752075,6.90799999237061
0,0,0,0,0,0,8,79,23,68,20,32,12,12,0.377999991178513,11.4230003356934,1,3,5.7039999961853,6.30900001525879
0,0,0,1,1,1,11,100,38,66,17,31,12,12,0.377999991178513,12.6339998245239,1,15,5.7039999961853,7.17000007629395
0,0,0,1,1,1,9,107,30,70,23,33,16,16,0.815999984741211,9.29500007629395,1,8,6.19600009918213,6.82800006866455
0,0,1,1,1,0,12,105,22,69,19,30,12,12,0.377999991178513,11.2840003967285,1,9,5.70699977874756,6.58099985122681
0,0,1,1,0,0,12,114,25,71,22,31,12,12,5.30200004577637,15.1979999542236,5,14,5.84100008010864,6.70300006866455
0,0,1,1,0,0,8,116,36,69,27,38,12,12,9.37800025939941,20.3439998626709,1,2,5.66300010681152,6.39699983596802
0,0,1,1,1,1,11,104,41,66,23,37,12,12,5.25,17.8819999694824,4,7,5.18200016021729,7.00299978256226
0,0,0,1,1,1,9,85,48,66,21,35,12,12,3.58299994468689,17.5709991455078,5,19,5.7039999961853,6.96400022506714
0,0,0,1,1,1,9,93,46,68,18,30,12,12,2.83299994468689,14.78600025177,1,1,5.83500003814697,6.86899995803833
0,0,1,1,0,0,8,100,40,66,23,37,10,12,0,5.13299989700317,1,9,5.84600019454956,6.07100009918213
0,0,0,0,1,1,12,88,36,71,23,32,16,16,0.433999985456467,9.27700042724609,1,10,5.90000009536743,7.25600004196167
0,0,1,1,0,1,12,93,32,73,21,29,12,12,4.44399976730347,11.3269996643066,0,9,6.18400001525879,6.90799999237061
0,0,0,1,0,0,12,98,26,68,20,32,12,13,1.79499995708466,13.7119998931885,1,5,5.15299987792969,6.21500015258789
0,0,1,1,0,1,12,110,35,73,20,28,14,14,1.89199995994568,8.29899978637695,3,5,5.2979998588562,6.68499994277954
0,0,0,1,0,0,11,94,38,67,20,33,14,14,0.634999990463257,11.9200000762939,1,10,4.60500001907349,6.61999988555908
0,0,1,1,0,0,8,77,36,66,23,37,12,12,1.20099997520447,15.1160001754761,2,2,5.21999979019165,6.30999994277954
0,0,0,1,1,1,12,102,44,71,21,30,12,12,3.14199995994568,11.9449996948242,1,10,5.80499982833862,6.58300018310547
0,0,1,1,1,1,16,113,49,73,26,34,14,14,5.36899995803833,12.3760004043579,1,8,6.1399998664856,6.94600009918213
1,1,1,1,1,1,12,103,38,73,24,32,10,10,5.43400001525879,11.3170003890991,7,15,5.7039999961853,5.2979998588562
1,1,1,1,1,1,12,96,31,66,21,35,11,11,3.33299994468689,17.4130001068115,1,1,5.01100015640259,6.35400009155273
1,1,1,1,1,1,12,97,35,66,23,37,11,11,5.33300018310547,16.0949993133545,1,5,5.21999979019165,6.74499988555908
1,1,1,1,1,1,15,89,39,66,23,37,12,12,2.31699991226196,10.6110000610352,3,4,5.69399976730347,7.05800008773804
1,1,1,1,1,1,16,104,34,73,23,31,16,16,0.894999980926514,7.75699996948242,0,4,6.23000001907349,7.14699983596802
1,1,1,1,1,1,11,116,36,71,24,33,14,16,0,5.3769998550415,1,3,5.41599988937378,5.85799980163574
1,1,0,1,1,1,12,104,47,66,23,37,14,15,0,14.2559995651245,1,11,5.55700016021729,7.28800010681152
1,1,0,1,1,1,12,114,37,70,18,28,12,13,0.541000008583069,9.06400012969971,1,2,5.19299983978271,6.62099981307983
0,1,1,1,0,1,12,103,40,73,23,31,16,17,1.55299997329712,5.31099987030029,0,3,5.77099990844727,6.19000005722046
1,1,1,1,1,1,6,92,34,66,22,36,12,12,1.25,15.1149997711182,2,5,5.56500005722046,7.24399995803833
1,1,1,1,1,1,8,98,41,73,23,31,18,18,4.70599985122681,9.86100006103516,0,7,6.00099992752075,6.84600019454956
1,1,1,1,1,1,12,114,48,66,23,37,13,13,1.41700005531311,15.4329996109009,2,16,5.82000017166138,6.76399993896484
1,1,1,1,1,1,12,110,37,66,24,38,12,12,1.91700005531311,15.8470001220703,3,17,5.05000019073486,5.84700012207031
1,1,1,1,1,1,8,132,39,73,25,33,17,17,1.11300003528595,8.13599967956543,2,1,6.61499977111816,7.27400016784668
1,1,1,1,0,0,8,112,37,73,24,32,16,16,5.93200016021729,12.6809997558594,0,2,5.2979998588562,6.32800006866455
1,1,1,1,1,1,12,99,42,66,22,36,9,12,2.5,16.9599990844727,2,11,5.48099994659424,6.30999994277954
1,1,0,1,1,1,12,106,45,66,24,38,13,13,3.33299994468689,16.0540008544922,5,2,5.57200002670288,6.52799987792969
1,1,1,1,1,1,18,128,43,73,25,33,15,16,0.308999985456467,7.23299980163574,0,1,6.21500015258789,7.18699979782104
1,1,0,0,1,1,8,80,30,73,22,30,12,12,3.48600006103516,7.7189998626709,2,0,5.89400005340576,6.03200006484985
1,1,1,1,1,1,6,71,24,71,23,32,11,11,2.04299998283386,9.46100044250488,1,0,5.7039999961853,6.15700006484985
1,1,0,1,1,1,12,127,45,71,23,32,18,18,0.791999995708466,9.75300025939941,1,3,6.39900016784668,7.42600011825562
1,1,0,0,1,1,8,114,43,73,23,31,16,16,0,0.768999993801117,2,9,6.10900020599365,6.94600009918213
1,1,0,1,1,1,7,102,30,69,19,30,13,13,0.653999984264374,12.5120000839233,1,11,5.48099994659424,7.13100004196167
1,1,0,1,1,1,12,88,34,68,19,31,12,12,0.462000012397766,12.1149997711182,3,15,5.23099994659424,6.63299989700317
1,1,0,1,1,1,12,88,32,68,17,29,12,12,1,13.5500001907349,1,12,5.85799980163574,7.05100011825562
1,0,1,1,1,1,14,110,45,66,23,37,15,15,1.91600000858307,14.2250003814697,2,1,5.54899978637695,7.37900018692017
0,0,0,1,1,1,8,130,39,73,22,30,16,16,0,5.39099979400635,0,3,6.17600011825562,6.76300001144409
1,1,1,1,1,1,12,101,36,66,21,35,11,12,3.37800002098083,16.076000213623,1,1,5.11199998855591,6.90799999237061
1,1,0,1,1,1,9,89,36,66,18,32,10,10,0.333000004291534,13.2440004348755,1,9,4.95599985122681,6.7480001449585
1,0,1,1,1,1,12,80,25,66,21,35,10,12,1.33299994468689,15.6180000305176,2,14,5.21999979019165,6.64599990844727
0,0,1,1,1,1,12,72,20,73,26,34,12,12,9.05799961090088,15.9490003585815,0,9,6.39699983596802,6.90799999237061
0,0,1,1,1,1,12,115,56,71,27,36,18,18,1.18900001049042,10.0719995498657,2,5,5.41200017929077,7.19199991226196
1,1,1,1,1,1,12,115,48,70,27,37,16,16,0.797999978065491,10.4790000915527,5,4,6.31500005722046,7.42799997329712
1,1,0,0,1,1,8,93,27,66,24,38,12,12,3.29500007629395,17.2479991912842,1,7,5.37099981307983,6.52899980545044
1,1,0,0,1,1,12,92,42,73,24,32,15,16,2.91599988937378,9.81400012969971,3,11,6.02299976348877,7.13100004196167
1,1,0,0,1,1,5,115,40,73,20,28,13,13,1.16400003433228,7.09000015258789,2,7,6.16300010681152,6.39699983596802
1,1,1,1,1,1,12,93,26,71,20,29,11,11,1.97500002384186,10.625,1,0,5.47200012207031,6.90799999237061
1,1,0,1,1,1,8,91,39,66,22,36,12,12,0.652999997138977,14.58899974823,1,15,5.40700006484985,6.89599990844727
1,1,1,1,1,1,9,90,35,66,20,34,10,10,4.5,19.2089996337891,1,10,5.16499996185303,6.16900014877319
1,1,1,1,1,0,9,104,47,66,20,34,12,12,3.18199992179871,16.4009990692139,4,1,5.17000007629395,7.34600019454956
1,1,1,1,1,1,12,100,42,66,18,32,12,12,1.84800004959106,15.7639999389648,2,14,4.94199991226196,6.90799999237061
1,1,0,1,1,0,15,129,40,73,28,36,18,18,0,4.31899976730347,0,5,4.8899998664856,6.43800020217896
0,0,0,1,1,1,12,112,39,67,22,35,16,16,0.717000007629395,13.6490001678467,1,14,5.72700023651123,7.20499992370605
1,1,1,1,0,0,11,98,38,71,27,36,11,11,6.71700000762939,16.6590003967285,7,16,6.15500020980835,7.09100008010864
1,1,1,1,1,1,12,132,45,73,24,32,17,18,4.01900005340576,13.0830001831055,1,8,6.56699991226196,7.02299976348877
1,1,0,1,1,1,13,110,36,69,21,32,13,14,0,9.54199981689453,0,4,5.72700023651123,6.22800016403198
1,0,0,1,1,1,11,127,44,73,21,29,12,12,1.19099998474121,6.59899997711182,0,1,5.96400022506714,7.35599994659424
1,1,1,1,1,1,8,94,39,66,22,36,13,13,3.61999988555908,17.5380001068115,4,18,6.10900020599365,7.39900016784668
0,0,1,1,1,1,16,97,48,73,24,32,16,16,0,3.72699999809265,0,1,6.38700008392334,7.1560001373291
0,0,1,1,1,1,11,109,42,71,24,33,15,15,0.254999995231628,7.4689998626709,1,8,5.65199995040894,7.09000015258789
1,1,0,1,0,0,3,89,21,67,18,31,12,12,0,5.61899995803833,1,6,4.90500020980835,6.75099992752075
1,1,0,1,0,0,11,90,33,66,23,37,12,12,5.37799978256226,18.2549991607666,6,7,5.46000003814697,6.95900011062622
1,1,0,1,0,0,12,105,39,69,17,28,12,12,0,10.53600025177,2,4,5.07499980926514,6.90799999237061
1,0,0,0,1,1,8,100,27,68,22,34,12,12,5.27500009536743,18.1319999694824,1,5,5.69000005722046,6.80200004577637
1,1,1,1,0,0,16,111,40,71,22,31,16,16,0.958000004291534,9.86900043487549,1,10,5.47200012207031,7.37900018692017
1,1,0,1,0,1,16,125,44,71,22,31,17,17,0,8.52000045776367,1,2,5.99100017547607,6.23099994659424
1,1,0,1,0,0,12,124,20,73,21,29,16,16,0,5.75299978256226,0,6,5.41599988937378,7.31300020217896
1,1,1,1,1,1,12,107,41,73,24,32,14,14,7.93400001525879,14.8699998855591,2,9,6.13600015640259,7.42799997329712
1,1,0,1,1,1,12,110,45,71,26,35,12,13,3.9909999370575,13.3870000839233,1,1,5.2979998588562,6.61999988555908
1,1,0,1,0,0,16,102,32,73,21,29,13,14,1.45500004291534,8.35400009155273,0,7,5.48099994659424,6.73699998855591
1,1,1,1,0,0,12,81,36,71,25,34,12,12,7.33300018310547,17.2649993896484,6,15,6.02299976348877,6.91200017929077
1,1,0,1,0,0,12,99,36,71,21,30,12,12,3.78399991989136,12.5530004501343,3,10,5.41599988937378,6.47700023651123
1,1,1,1,1,0,12,102,35,69,19,30,13,13,0,8.41399955749512,1,2,5.78399991989136,7.66699981689453
1,1,1,1,1,1,12,95,44,66,24,38,12,12,0,14.0790004730225,7,21,5.4210000038147,6.63500022888184
1,1,0,0,1,1,11,98,37,69,24,35,16,16,0.768999993801117,8.32100009918213,1,3,5.99100017547607,6.64499998092651
1,1,1,1,0,1,4,109,41,71,22,31,16,16,0.555999994277954,8.87600040435791,1,3,5.97900009155273,6.89499998092651
1,1,1,1,0,0,8,82,41,66,24,38,12,12,6.65500020980835,20.548999786377,2,1,5.73299980163574,7.82399988174438
1,1,0,0,0,1,12,105,22,68,20,32,13,14,0,6.44299983978271,0,1,5.07499980926514,7.00099992752075
1,1,1,1,0,0,12,95,36,66,24,38,12,12,0,5.85500001907349,2,16,5.49300003051758,7.09999990463257
1,1,1,1,1,1,12,123,43,73,24,32,16,16,1.87199997901917,8.80099964141846,4,12,5.84100008010864,7.31300020217896
1,1,0,1,0,1,12,86,24,69,19,30,12,12,0,8.94699954986572,1,1,5.38899993896484,6.36899995803833
1,1,0,1,1,1,8,87,41,66,24,38,12,12,0,12.4040002822876,2,13,5.21500015258789,6.85099983215332
0,1,1,1,0,1,12,117,39,71,22,31,16,16,0.552999973297119,8.63899993896484,1,3,6.29199981689453,7.27400016784668
1,1,0,1,1,1,12,112,50,66,24,38,16,16,1.12800002098083,13.66100025177,2,8,5.75899982452393,7.19500017166138
1,0,0,0,1,1,12,119,41,70,23,33,15,15,0,8.39200019836426,1,5,6.30999994277954,7.31300020217896
1,1,0,1,0,1,6,81,33,69,21,32,12,13,0.384999990463257,10.6260004043579,1,5,5.24700021743774,6.88000011444092
1,1,1,1,0,1,10,124,48,70,22,32,17,18,0.384999990463257,9.90900039672852,1,8,5.80800008773804,7.67899990081787
1,1,1,1,0,0,7,89,38,66,22,36,12,12,0,10.3269996643066,2,7,5.43800020217896,6.68100023269653
1,1,1,1,1,1,12,106,41,73,21,29,16,16,1.18900001049042,8.19699954986572,2,9,6.39699983596802,7.46400022506714
1,1,0,1,0,0,11,103,30,66,18,32,13,15,0.333000004291534,14.3780002593994,1,2,5.38000011444092,6.44500017166138
1,1,0,1,0,0,6,91,40,67,19,32,12,12,0.377999991178513,11.0100002288818,1,4,5.29300022125244,6.09700012207031
1,1,1,1,1,1,12,101,34,73,23,31,16,16,5.4060001373291,12.2829999923706,2,9,5.8289999961853,6.49200010299683
1,1,0,0,1,1,12,83,32,66,22,36,12,12,2.25,8.71000003814697,2,1,5.04300022125244,5.93200016021729
1,1,1,1,1,1,12,102,54,73,24,32,17,17,0.160999998450279,6.75299978256226,5,13,6.17600011825562,7.02299976348877
1,1,0,1,1,0,7,94,34,68,18,30,12,12,0.423000007867813,8.90100002288818,1,2,5.19299983978271,6.11600017547607
1,1,1,1,1,1,12,97,38,66,23,37,10,10,3.47499990463257,17.371000289917,1,9,5.46000003814697,7.23400020599365
1,1,0,1,1,1,12,115,38,73,23,31,17,17,0,6.72100019454956,2,9,6.09100008010864,7.33900022506714
1,1,0,1,1,1,17,117,38,69,24,35,16,16,0.377999991178513,11.2740001678467,1,12,5.98600006103516,7.05100011825562
1,1,1,1,1,1,8,105,45,67,24,37,12,14,5.75600004196167,14.83899974823,1,2,5.55700016021729,6.86899995803833
1,1,0,0,1,1,8,113,36,73,30,38,16,16,0.532999992370605,7.61700010299683,5,1,5.8289999961853,6.58199977874756
0,1,1,1,1,1,10,83,37,73,29,37,12,12,5.97399997711182,8.84099960327148,0,3,6.19399976730347,6.17399978637695
1,1,1,1,1,0,17,101,44,71,29,38,18,18,0.40599998831749,8.21100044250488,4,9,6.40700006484985,6.69399976730347
1,1,1,1,1,1,12,113,36,66,22,36,12,13,0,13.9540004730225,6,8,5.79300022125244,7.27400016784668
1,0,1,1,1,1,12,88,31,66,23,37,12,13,0.628000020980835,13.1350002288818,2,4,5.41599988937378,6.99499988555908
1,1,1,1,1,1,16,113,27,71,21,30,16,16,0.541000008583069,9.35200023651123,4,13,5.77799987792969,6.93300008773804
1,1,1,1,1,1,12,106,38,70,20,30,14,15,0,5.22800016403198,1,1,6.8439998626709,7.19500017166138
1,0,1,1,1,1,10,114,36,66,23,37,12,12,2.16599988937378,16.988000869751,1,9,5.45100021362305,6.81899976730347
1,1,0,0,1,1,11,119,32,73,22,30,16,16,2.11299991607666,9.00399971008301,2,10,6.29300022125244,7.00799989700317
1,1,1,1,1,1,1,89,40,66,24,38,12,12,5.57999992370605,17.25,2,8,5.36100006103516,6.90799999237061
1,1,0,1,1,1,12,97,28,68,18,30,13,13,0.377999991178513,12.3649997711182,1,5,5.82000017166138,6.83400011062622
1,1,0,1,1,1,12,83,51,71,24,33,13,13,0.52700001001358,9.47399997711182,1,10,6.05700016021729,7.12400007247925
1,1,1,1,1,1,12,97,40,71,27,36,11,12,11.4440002441406,21.0359992980957,1,10,6.31899976730347,6.97100019454956
1,1,1,1,1,1,12,98,37,68,18,30,12,12,0,5.18599987030029,1,3,5.61700010299683,5.99900007247925
1,1,0,1,0,0,8,84,24,67,18,31,12,12,1.04499995708466,13.6560001373291,1,10,5.15299987792969,6.43100023269653
1,1,0,1,0,0,8,74,24,70,20,30,12,12,1.96399998664856,12.0220003128052,1,11,5.25699996948242,6.08799982070923
1,1,1,1,0,0,6,93,32,66,22,36,12,12,2.12800002098083,16.0629997253418,3,5,4.74499988555908,6.58799982070923
1,1,1,1,1,1,17,113,41,73,26,34,17,17,1.13399994373322,8.08199977874756,2,2,6.52500009536743,6.90799999237061
1,1,0,1,1,1,8,92,37,66,24,38,12,12,1.14499998092651,15.0780000686646,2,16,5.34200000762939,5.97300004959106
1,1,0,0,0,0,9,127,44,73,20,28,12,12,2.11100006103516,8.26599979400635,0,3,5.68699979782104,6.39699983596802
1,1,1,1,0,0,6,109,44,66,23,37,12,12,6.25,20.7019996643066,5,12,5.8289999961853,6.86899995803833
1,1,0,1,0,0,10,97,42,66,20,34,12,12,1.2059999704361,15.0740003585815,2,4,5.41599988937378,6.86899995803833
1,0,1,1,1,1,0,66,30,73,22,30,11,11,4.52500009536743,10.4729995727539,0,7,5.23600006103516,6.76300001144409
0,1,1,1,1,1,16,109,46,71,26,35,16,16,0.962000012397766,9.86999988555908,7,3,6.39400005340576,7.05100011825562
1,1,1,1,1,0,4,109,43,70,24,34,16,16,0.27700001001358,10.1879997253418,1,11,6.07100009918213,7.23400020599365
1,1,1,1,0,1,8,85,44,69,23,34,12,13,0,4.21600008010864,1,9,5.21999979019165,6.76300001144409
1,1,0,1,0,0,8,81,26,68,19,31,12,12,1.15400004386902,13.1470003128052,1,13,5.19299983978271,6.55100011825562
1,1,1,1,0,0,5,87,12,71,28,37,9,9,10.6090002059937,19.7950000762939,1,10,6.06400012969971,6.88199996948242
0,1,0,1,1,1,12,78,40,67,20,33,13,13,0.967999994754791,11.7290000915527,1,3,5.52099990844727,7.17000007629395
0,1,0,1,1,1,12,54,37,69,20,31,13,14,1,11.7220001220703,1,3,5.34700012207031,6.80200004577637
0,0,1,1,1,1,8,98,33,66,22,36,12,12,1.23300004005432,15.1429996490479,1,15,5.41599988937378,6.71999979019165
0,1,0,1,1,1,12,98,34,66,22,36,12,12,2.25,16.6720008850098,3,13,5.65199995040894,6.90799999237061
0,0,0,1,1,1,16,105,29,73,22,30,16,16,0.602999985218048,7.4980001449585,1,8,5.80499982833862,6.71799993515015
0,1,0,1,1,1,12,87,25,68,19,31,12,13,0,5.4539999961853,1,2,5.10599994659424,6.21500015258789
0,0,1,1,1,1,12,117,25,73,20,28,13,13,2.65000009536743,9.42399978637695,0,1,6.21500015258789,7.05200004577637
0,0,0,0,1,1,12,85,30,73,21,29,14,15,0,8.35400009155273,0,3,5.2979998588562,6.85599994659424
0,0,0,1,1,1,8,82,35,70,20,30,13,13,1.81700003147125,10.293999671936,1,4,5.41599988937378,6.55100011825562
0,0,1,1,1,1,12,114,39,73,24,32,18,18,1.38100004196167,6.96500015258789,0,6,6.52400016784668,7.44399976730347
0,0,1,1,1,1,12,105,48,73,26,34,18,18,3.3199999332428,9.57100009918213,2,0,7.05100011825562,7.60300016403198
0,0,1,1,1,1,7,92,20,73,24,32,14,14,2.44899988174438,9.30399990081787,1,8,5.99100017547607,6.79099988937378
0,0,0,1,1,1,12,107,23,69,18,29,12,13,0,11.0220003128052,1,4,5.8289999961853,8.0319995880127
0,0,0,1,1,1,12,111,41,69,26,37,17,17,0,10.0939998626709,2,13,5.92700004577637,7.33900022506714
0,0,0,0,1,0,16,119,49,71,26,35,16,17,4.36299991607666,13.3059997558594,1,9,6.13600015640259,7.21099996566772
0,0,1,1,1,1,12,97,40,66,24,38,12,12,7.12799978256226,21.0909996032715,8,8,6.35599994659424,7.04099988937378
0,0,1,1,1,1,10,110,34,66,19,33,12,12,2.33299994468689,15.6560001373291,1,8,5.66599988937378,6.86899995803833
0,0,1,1,1,1,12,96,32,66,24,38,12,12,5.20100021362305,19.0629997253418,6,20,5.94299983978271,7.13100004196167
0,0,1,1,1,0,12,102,31,66,23,37,10,12,3.33299994468689,16.5459995269775,4,4,5.71999979019165,6.80800008773804
0,0,1,1,1,1,0,64,22,66,24,38,12,12,5.37799978256226,17.9559993743896,6,0,5.19799995422363,6.83099985122681
0,0,0,1,1,1,8,103,32,66,20,34,12,12,3,16.5930004119873,1,10,4.60500001907349,7.35200023651123
0,0,1,1,1,1,12,118,39,73,24,32,10,10,9.4980001449585,14.2329998016357,0,4,5.32299995422363,7.17899990081787
0,0,1,1,1,1,13,118,41,73,23,31,17,18,0,1,2,9,5.69700002670288,6.77899980545044
0,1,1,1,1,1,12,75,37,71,29,38,13,13,6.71999979019165,13.6400003433228,1,1,5.7039999961853,6.68499994277954
0,0,1,1,1,0,12,112,45,68,20,32,13,14,0,5.81199979782104,1,10,5.88600015640259,6.95599985122681
0,0,0,0,1,0,12,95,20,71,21,30,12,12,1.71200001239777,4.47300004959106,1,1,5.2979998588562,6.30999994277954
0,0,1,1,1,1,12,119,38,73,26,34,16,17,0,3.92000007629395,4,2,6.19399976730347,7.08199977874756
0,0,1,1,1,0,12,94,35,68,25,37,14,14,0.377999991178513,10.4580001831055,1,6,5.7039999961853,6.36899995803833
0,0,0,1,1,1,6,103,27,68,18,30,12,14,0,4.65199995040894,1,2,5.16499996185303,7.09000015258789
0,0,1,1,1,1,14,90,36,68,21,33,16,16,0.384999990463257,10.5139999389648,1,5,5.61700010299683,6.68100023269653
0,0,1,1,0,0,16,128,50,73,28,36,17,18,1.14499998092651,8.04100036621094,5,13,6.70599985122681,7.22300004959106
0,0,0,1,1,1,12,84,40,69,19,30,12,12,0.377999991178513,11.2130002975464,1,12,6.03999996185303,7.14699983596802
0,0,1,1,1,1,8,97,38,66,22,36,12,12,2.33299994468689,16.1180000305176,2,1,6.13600015640259,7.51300001144409
0,0,0,1,1,1,12,102,34,66,19,33,12,12,1.33299994468689,14.206000328064,1,5,5.7039999961853,6.81199979782104
0,0,1,1,1,1,12,131,41,71,24,33,17,18,0.483999997377396,9.41399955749512,1,10,6.38399982452393,7.46500015258789
0,0,1,1,1,1,12,126,23,73,22,30,16,16,0.976999998092651,7.85099983215332,1,1,5.70699977874756,6.25299978256226
0,0,1,1,1,0,12,107,32,73,21,29,16,16,0.397000014781952,6.44999980926514,0,7,5.99100017547607,6.69500017166138
0,0,1,1,1,1,12,108,45,70,26,36,16,16,0.850000023841858,10.673999786377,2,2,6.78599977493286,7.66699981689453
0,0,1,1,1,1,12,108,40,73,28,36,15,16,0,4.03599977493286,0,1,6.03999996185303,6.83599996566772
0,0,0,1,1,1,12,115,46,68,22,34,16,16,0.377999991178513,10.5150003433228,1,3,5.2979998588562,6.69999980926514
0,0,1,1,1,1,12,111,44,66,21,35,14,14,1.75,16.4829998016357,2,14,5.50099992752075,6.76399993896484
0,0,1,1,1,1,12,115,47,66,22,36,12,12,1.46200001239777,14.4689998626709,2,9,5.27299976348877,7.27400016784668
0,0,1,1,1,0,11,101,31,67,19,32,13,14,1,11.9359998703003,2,0,5.05000019073486,6.21500015258789
0,0,1,1,1,1,12,114,48,68,25,37,18,18,0.345999985933304,12.2629995346069,1,2,6.12200021743774,7.23299980163574
0,0,0,1,1,1,12,116,40,73,22,30,17,18,0,5.15700006484985,2,9,5.4210000038147,6.26900005340576
0,0,1,1,1,0,12,90,41,66,22,36,12,12,0,4.38199996948242,2,14,5.38000011444092,6.7810001373291
0,0,0,1,1,1,14,125,33,69,17,28,12,12,0,10.8529996871948,1,11,5.46400022506714,6.93300008773804
0,0,0,0,1,1,12,98,26,69,17,28,12,12,0.337000012397766,11.3400001525879,1,12,5.63800001144409,7.09999990463257
0,0,1,1,1,0,10,111,42,73,21,29,15,15,1.37399995326996,7.60500001907349,4,5,5.84899997711182,7.3899998664856
0,0,1,1,1,1,12,109,38,70,22,32,15,16,0.805999994277954,10.7080001831055,3,2,6.03800010681152,7.51900005340576
0,0,0,1,1,1,12,124,36,68,25,37,16,16,0.377999991178513,12.3430004119873,1,2,5.74300003051758,7.37900018692017
0,0,1,1,1,1,8,121,35,73,25,33,13,13,0.358000010251999,6.04400014877319,4,1,6.39699983596802,6.90799999237061
0,0,0,1,1,1,10,103,37,69,19,30,12,12,0,6.6710000038147,1,4,5.52099990844727,6.60300016403198
0,1,0,0,1,1,12,96,19,68,17,29,12,12,1,9.70199966430664,1,1,5.59800004959106,7.43800020217896
0,0,1,1,1,1,12,100,40,66,19,33,12,12,0,10.8809995651245,2,9,6.02099990844727,7.43800020217896
0,0,1,1,1,1,11,112,38,66,24,38,10,12,0,11.5799999237061,8,5,5.99900007247925,7.00899982452393
0,0,0,1,1,1,12,73,24,66,17,31,10,11,0,0.962000012397766,1,1,5.37099981307983,6.43800020217896
0,0,0,1,1,1,11,101,39,70,19,29,12,13,0,1,1,7,5.62799978256226,6.5789999961853
0,0,0,1,1,1,12,99,44,66,22,36,12,12,4.33300018310547,19.0890007019043,4,10,5.48099994659424,6.75099992752075
0,0,0,1,1,1,12,95,23,67,19,32,12,12,0.462000012397766,12.0839996337891,1,2,4.82800006866455,7.13100004196167
0,0,1,1,0,0,18,109,40,70,28,38,16,18,0,3.8289999961853,3,13,6.125,7.03000020980835
0,0,0,0,1,1,13,110,35,70,18,28,12,12,0,6.14200019836426,1,1,5.6729998588562,6.80200004577637
0,0,1,1,1,1,4,98,49,69,27,38,17,17,0,6.36800003051758,1,7,6.28200006484985,7.56199979782104
0,0,1,1,1,1,12,112,46,73,29,37,15,15,2.03699994087219,7.50799989700317,0,2,6.61999988555908,6.86899995803833
0,0,1,1,1,1,11,90,28,68,18,30,12,12,0,5.39499998092651,1,3,6.61999988555908,7.36100006103516
0,0,1,1,0,1,12,102,46,73,28,36,14,14,5.28200006484985,11.0629997253418,0,7,6.33300018310547,6.84600019454956
0,0,1,1,1,0,12,119,39,73,22,30,16,16,0.657999992370605,7.53399991989136,2,9,6.05200004577637,6.80200004577637
0,0,1,1,0,0,8,96,34,66,17,31,12,12,0.333000004291534,14.6770000457764,1,13,5.55299997329712,6.78200006484985
0,0,1,1,1,1,12,118,40,69,27,38,18,18,1.17999994754791,12.1120004653931,1,12,6.46299982070923,7.44399976730347
0,0,1,1,0,0,9,79,39,66,23,37,11,12,5.37799978256226,19.3299999237061,1,15,5.66300010681152,7.13899993896484
0,0,1,1,0,0,10,96,42,68,26,38,12,12,0,8.73299980163574,8,7,5.95800018310547,6.62099981307983
0,0,0,1,0,0,12,80,27,69,17,28,11,11,1.00600004196167,11.996000289917,1,12,5.77799987792969,7
0,0,0,1,0,0,12,137,36,70,23,33,13,13,0.797999978065491,10.8009996414185,1,11,5.81400012969971,6.90899991989136
0,0,0,0,0,0,12,116,42,69,23,34,15,15,0.462000012397766,11.2609996795654,1,12,5.96400022506714,7.05100011825562
0,0,1,1,1,1,12,69,31,66,21,35,11,12,1.31700003147125,15.1680002212524,2,16,6.0310001373291,6.90799999237061
0,0,0,1,1,1,6,78,36,66,19,33,12,12,1.96099996566772,15.8999996185303,1,3,5.60599994659424,7.13100004196167
0,1,1,1,1,1,8,99,41,71,29,38,12,12,11.1099996566772,17.9139995574951,4,3,5.99399995803833,6.75400018692017
0,0,0,1,1,1,16,92,33,67,18,31,12,12,0.377999991178513,13.4060001373291,3,3,5.35200023651123,7.09899997711182
0,0,0,1,1,1,16,113,23,73,21,29,16,16,0,11.9949998855591,6,7,6.04300022125244,6.84299993515015
0,0,0,1,1,1,12,98,29,71,24,33,13,13,0,6.56699991226196,1,1,5.43400001525879,6.80700016021729
0,0,1,1,1,1,12,115,30,73,21,29,15,15,0.391999989748001,7.35500001907349,3,4,6.17199993133545,6.77099990844727
0,0,0,1,1,1,6,117,41,69,24,35,16,17,0,1,1,9,5.66300010681152,7.1399998664856
0,0,1,1,1,1,8,96,38,66,21,35,12,12,0,13.9209995269775,4,2,5.65899991989136,6.85599994659424
0,0,0,1,1,1,10,108,46,73,21,29,12,12,1.78299999237061,8.6899995803833,0,3,5.52099990844727,4.74900007247925
0,0,1,1,0,1,16,92,34,73,23,31,16,17,0.529999971389771,5.90799999237061,0,4,5.41200017929077,6.51200008392334
0,0,0,1,1,1,16,95,38,66,23,37,15,15,3.33299994468689,16.6019992828369,1,10,5.41599988937378,6.98799991607666
0,0,0,1,1,1,15,94,40,67,21,34,13,14,0.462000012397766,13.4160003662109,1,14,5.64499998092651,6.96400022506714
0,0,1,1,0,0,7,115,38,66,24,38,12,12,6.33300018310547,20.3229999542236,7,12,5.8439998626709,6.68499994277954
0,0,1,1,0,0,12,105,42,67,23,36,16,16,0.25,13.5719995498657,0,13,5.84600019454956,7.56199979782104
0,0,0,1,0,0,7,109,36,66,22,36,12,12,2.54500007629395,16.5090007781982,1,15,5.57600021362305,6.75099992752075
0,0,1,1,0,0,12,87,38,71,22,31,12,12,4.50899982452393,14.9429998397827,4,6,5.68400001525879,6.76200008392334
0,0,0,1,1,1,13,110,34,66,22,36,16,16,0.333000004291534,14.6540002822876,1,13,5.54099988937378,6.99599981307983
0,0,0,1,0,0,10,110,30,71,21,30,16,16,0.386999994516373,9.31400012969971,1,4,5.61700010299683,6.93200016021729
0,0,0,1,1,0,17,109,32,68,19,31,12,12,0.962000012397766,11.4139995574951,1,2,5.72700023651123,6.74499988555908
0,0,1,1,0,0,12,85,21,66,21,35,12,12,3.16599988937378,16.9699993133545,4,10,5.61700010299683,6.51200008392334
0,0,1,1,0,0,10,105,42,69,26,37,14,14,1.37800002098083,12.3159999847412,1,12,5.65199995040894,6.68499994277954
0,0,1,1,0,0,10,122,39,73,25,33,16,16,0.593999981880188,7.05399990081787,0,3,5.59499979019165,6.95599985122681
0,0,1,1,1,1,14,108,40,67,22,35,16,17,0,9.08100032806396,1,11,6.02099990844727,6.78499984741211
0,1,0,0,1,1,12,122,38,71,22,31,16,16,1.30900001525879,9.82199954986572,1,2,5.62400007247925,6.68499994277954
0,0,1,1,1,1,8,79,32,73,24,32,16,17,2.3970000743866,9.36299991607666,2,9,6.26300001144409,7.09000015258789
0,0,0,1,1,1,12,105,30,68,17,29,12,12,0,7.93300008773804,1,10,5.16499996185303,6.4980001449585
0,0,0,1,0,1,8,110,42,66,23,37,12,12,0,6.21000003814697,1,12,5.54899978637695,6.90799999237061
0,0,0,0,1,1,14,92,32,71,20,29,12,12,2.38700008392334,7.8289999961853,1,4,5.73000001907349,6.77400016784668
0,0,1,1,0,0,12,131,32,73,25,33,16,16,3.39499998092651,10.3020000457764,5,2,5.95300006866455,7.09200000762939
0,0,0,1,0,0,12,104,32,71,20,29,12,12,1.13100004196167,10.0080003738403,1,2,5.25699996948242,6.5019998550415
0,0,1,1,0,0,12,110,39,70,27,37,16,16,4.68200016021729,14.6169996261597,1,11,6.02799987792969,6.82800006866455
1,1,0,1,1,1,10,99,20,69,17,28,12,12,0.691999971866608,10.2770004272461,1,10,5.48099994659424,6.66900014877319
1,1,0,1,0,0,4,72,34,66,20,34,9,9,4.08300018310547,17.2830009460449,1,5,4.82800006866455,6.43800020217896
1,1,0,0,0,0,6,86,35,67,19,32,12,12,0.462000012397766,12.75,1,9,4.91300010681152,6.52199983596802
1,1,1,1,0,0,12,68,38,66,21,35,11,12,0,10.8739995956421,5,19,5.46000003814697,6.54099988937378
1,0,1,1,0,0,12,116,42,71,29,38,16,17,0.495000004768372,7.6729998588562,2,2,6.25400018692017,7.74399995803833
1,1,0,1,0,0,10,96,45,70,22,32,13,14,0,9.70899963378906,1,4,5.2979998588562,7.08699989318848
1,1,0,1,1,1,12,100,32,68,17,29,9,12,0,8.02600002288818,1,8,5.07499980926514,6.58099985122681
1,1,1,1,1,1,12,101,38,66,18,32,12,13,0,13.3800001144409,1,2,5.7810001373291,7.31300020217896
1,1,1,1,1,1,12,117,39,73,22,30,16,16,1.27499997615814,6.9689998626709,0,9,6.44399976730347,7.08799982070923
1,1,0,1,1,1,16,93,38,67,19,32,12,12,0,4.18800020217896,2,2,4.82800006866455,5.96600008010864
1,1,0,1,1,1,9,116,37,69,17,28,12,12,1,12,2,11,5.17600011825562,6.78999996185303
1,1,1,1,1,1,12,106,42,66,22,36,12,12,5.08300018310547,19.0200004577637,6,20,5.14200019836426,6.98099994659424
1,1,1,1,1,1,14,98,45,66,22,36,12,12,2.58299994468689,16.7689990997314,1,12,5.62400007247925,7.02699995040894
1,1,1,1,1,0,12,103,36,66,23,37,12,15,0,1,1,1,5.43800020217896,6.61999988555908
1,1,0,1,0,0,10,100,22,70,21,31,13,13,0,5.31599998474121,1,1,5.35200023651123,6.26300001144409
1,1,1,1,0,0,10,96,39,69,18,29,12,12,1.12999999523163,10.6940002441406,1,4,5.52099990844727,7.00699996948242
1,1,0,1,1,0,10,96,27,69,18,29,12,12,0.878000020980835,9.73999977111816,1,1,6.0310001373291,6.68499994277954
1,1,0,1,0,0,13,104,42,66,17,31,12,13,0,7.63500022888184,1,7,4.7960000038147,7.23299980163574
1,1,0,0,0,0,14,106,34,73,28,36,17,17,3.00099992752075,8.14500045776367,1,0,5.34700012207031,6.05200004577637
1,1,0,1,0,0,12,106,44,67,23,36,16,16,0.416999995708466,13.3800001144409,1,10,5.77799987792969,7.03299999237061
1,1,0,0,1,1,9,94,24,71,26,35,12,12,7.78599977493286,17.8330001831055,6,15,5.50099992752075,6.52400016784668
1,1,1,1,0,0,10,81,29,66,21,35,10,11,4.33300018310547,15.5019998550415,1,5,5.85799980163574,6.85599994659424
1,1,1,1,0,0,5,87,15,66,22,36,9,10,6.46199989318848,20.1889991760254,4,7,4.71799993515015,6.39699983596802
1,1,0,1,0,0,6,75,27,68,18,30,12,12,1,11.951000213623,1,9,5.24700021743774,6.82999992370605
1,1,0,1,0,0,5,95,34,66,17,31,12,12,0.333000004291534,14.4820003509521,1,13,5.01100015640259,6.30999994277954
1,1,0,1,0,0,3,86,19,69,19,30,11,11,1,12.78600025177,4,11,4.86800003051758,6.40700006484985
1,1,0,1,0,0,3,86,17,68,18,30,10,10,0.30799999833107,6.99599981307983,1,1,5.13600015640259,6.05200004577637
1,1,0,1,0,1,8,104,41,69,20,31,12,14,0,3.71300005912781,1,1,5.21999979019165,5.8289999961853
1,1,0,1,0,1,7,95,21,66,20,34,12,12,2.6010000705719,16.3939990997314,3,9,4.90500020980835,6.53999996185303
1,1,0,1,0,0,8,116,37,69,18,29,12,12,0.615000009536743,11.2320003509521,1,9,5.41599988937378,6.35400009155273
1,1,1,1,0,0,8,66,20,68,21,33,9,9,4.33300018310547,14.8210000991821,1,10,5.7039999961853,6.34700012207031
1,1,1,1,1,1,0,101,38,70,22,32,16,16,1.47500002384186,10.71399974823,1,9,5.68400001525879,6.70599985122681
1,1,0,1,0,0,12,96,23,68,17,29,12,12,0,11.3879995346069,0,5,4.8899998664856,6.89499998092651
1,1,1,1,0,1,9,104,41,66,21,35,12,12,2.37800002098083,16.3600006103516,4,18,5.24700021743774,6.42399978637695
1,0,1,1,0,1,14,105,34,69,24,35,16,16,1.01300001144409,11.8879995346069,1,1,5.66300010681152,6.93300008773804
1,0,0,1,1,1,8,106,34,69,18,29,12,12,0,3.83699989318848,1,3,5.57999992370605,6.69500017166138
1,1,1,1,0,1,15,101,34,73,22,30,17,17,1.59700000286102,7.86100006103516,2,0,6.2519998550415,6.69399976730347
1,1,1,1,1,1,12,96,42,66,22,36,12,12,0.916000008583069,12.8500003814697,1,5,5.41599988937378,6.67000007629395
1,0,0,1,0,1,12,105,34,66,19,33,12,12,0,6.30800008773804,2,2,5.08099985122681,6.74499988555908
1,1,1,1,1,1,3,106,40,70,28,38,12,12,0.52700001001358,10.3229999542236,9,19,6.13100004196167,6.80200004577637
1,1,1,1,1,1,8,102,44,66,22,36,12,12,5.41699981689453,19.3770008087158,6,20,5.31300020217896,7.25699996948242
1,1,1,1,0,0,12,90,46,66,24,38,11,13,0,3.75799989700317,1,1,5.19299983978271,6.33199977874756
1,1,0,1,0,0,12,104,30,69,17,28,12,12,0.402999997138977,10.9519996643066,1,5,5.38000011444092,6.33199977874756
1,1,1,1,0,0,12,118,37,69,21,32,16,16,0.462000012397766,11.3909997940063,1,12,5.95300006866455,6.91699981689453
1,1,1,1,0,1,9,108,40,66,22,36,12,12,2.72499990463257,16.7320003509521,3,17,5.2979998588562,7.27400016784668
1,1,0,1,0,0,12,104,37,66,18,32,12,12,0.377999991178513,14.3769998550415,1,15,5.4850001335144,6.84299993515015
1,1,1,1,0,0,10,92,40,71,27,36,9,10,8.08800029754639,18.2210006713867,1,10,5.54099988937378,6.43599987030029
1,1,0,1,0,0,4,87,26,71,21,30,12,13,0.927999973297119,9.4040002822876,1,3,5.51700019836426,6.46400022506714
1,1,0,0,0,0,12,96,38,73,20,28,15,15,0,6.32399988174438,3,10,5.23600006103516,5.99100017547607
1,1,1,1,0,0,12,80,34,66,24,38,10,10,1.32200002670288,15.33899974823,4,14,5.07499980926514,6.80200004577637
1,1,1,1,0,0,12,104,40,73,25,33,16,16,1.5110000371933,8.37199974060059,2,10,6.07100009918213,6.23999977111816
1,1,1,1,0,0,9,104,35,73,27,35,18,18,0,7.00500011444092,2,10,6.35799980163574,6.7960000038147
1,1,1,1,1,1,12,96,24,73,24,32,18,18,0.5,7.3289999961853,0,5,5.44199991226196,7.1560001373291
1,1,0,0,0,0,12,89,24,73,22,30,12,12,3.20600008964539,10.1339998245239,2,9,5.41599988937378,6.18400001525879
1,1,1,1,0,0,10,113,39,69,18,29,12,12,1.46200001239777,10.9049997329712,2,5,4.8600001335144,5.78399991989136
1,1,0,1,0,0,7,105,29,66,19,33,12,12,1.83299994468689,15.7069997787476,2,5,5.01100015640259,6.64499998092651
1,1,0,0,0,1,7,84,39,69,20,31,12,14,0,5.50500011444092,1,8,5.52099990844727,6.42600011825562
1,1,1,1,1,1,7,108,36,66,21,35,12,12,2.43400001525879,16.3659992218018,3,17,5.23099994659424,6.94700002670288
1,1,1,1,1,1,8,104,32,66,20,34,12,12,1.46200001239777,15.3299999237061,2,4,5.13600015640259,6.62099981307983
1,1,0,1,0,0,7,106,28,67,17,30,12,12,1,14.7279996871948,1,11,4.82800006866455,5.94000005722046
1,1,1,1,1,1,12,70,34,66,24,38,10,10,7.54500007629395,20.5669994354248,8,7,5.2979998588562,6.62400007247925
1,1,1,1,1,1,11,104,39,70,24,34,16,16,0.474999994039536,10.2290000915527,1,11,5.84600019454956,6.97100019454956
1,0,0,1,1,1,14,91,42,68,18,30,12,12,0,13.2170000076294,1,1,5.11199998855591,6.97499990463257
1,1,1,1,1,1,14,112,42,73,26,34,18,18,0.395000010728836,7.31199979782104,1,8,6.25400018692017,7.36100006103516
1,1,0,1,0,0,12,97,27,68,18,30,10,10,0.865000009536743,13.75,1,9,5.24700021743774,6.47700023651123
1,1,0,1,0,0,10,99,40,66,18,32,12,12,1.33299994468689,14.6160001754761,1,7,5.2979998588562,6.55100011825562
1,1,0,1,0,0,6,86,28,66,17,31,9,10,0.333000004291534,14.6370000839233,1,12,5.16499996185303,6.25299978256226
1,1,0,1,0,0,12,90,36,66,18,32,12,12,2.28900003433228,16.2549991607666,2,16,5.41599988937378,6.79199981689453
0,0,1,1,1,1,12,101,43,69,19,30,12,12,0,10.9040002822876,1,12,5.69399976730347,6.34600019454956
1,1,1,1,0,1,11,109,33,73,21,29,15,15,0,10.5710000991821,0,1,5.73000001907349,7.27500009536743
1,1,1,1,0,0,12,107,40,66,24,38,12,12,6.33300018310547,21.0540008544922,1,12,5.15299987792969,6.21500015258789
1,1,1,1,0,0,12,110,48,66,22,36,16,16,0.925999999046326,14.9670000076294,1,15,5.2979998588562,7.29500007629395
1,1,1,1,1,1,10,120,35,73,20,28,13,13,0,4.09899997711182,0,1,6.73099994659424,6.68800020217896
1,1,0,1,1,1,12,97,34,73,22,30,16,16,0.78600001335144,6.84899997711182,0,2,5.82000017166138,6.86899995803833
1,1,1,1,1,1,11,103,37,73,21,29,12,12,1.90600001811981,8.79899978637695,0,5,5.88100004196167,6.90799999237061
1,1,1,1,1,1,12,114,36,73,22,30,16,16,0.335999995470047,4.77799987792969,0,4,5.92700004577637,6.39699983596802
1,1,0,1,1,0,8,95,31,68,18,30,11,11,0,12.4069995880127,1,2,5.17600011825562,6.10900020599365
1,1,0,1,0,1,12,97,28,73,24,32,16,17,0.5,7.49399995803833,2,2,6.51200008392334,7.35400009155273
1,1,0,1,0,0,13,97,34,73,20,28,14,14,1.90799999237061,5.80900001525879,0,3,5.44199991226196,5.87799978256226
1,1,1,1,1,1,10,83,25,67,19,32,13,13,1,14.418999671936,1,13,4.94199991226196,6.86700010299683
1,1,1,1,0,0,12,104,46,73,24,32,16,16,0,5.06699991226196,1,2,5.52899980545044,6.33900022506714
1,1,1,1,0,0,12,82,27,73,24,32,12,12,2.81699991226196,8.73299980163574,0,2,5.68699979782104,6.17500019073486
1,1,1,1,1,1,8,113,45,71,26,35,16,16,0,8.20499992370605,1,10,6.02299976348877,7.27400016784668
1,1,1,1,0,0,7,93,39,67,22,35,12,12,0.691999971866608,10.7370004653931,1,3,5.17600011825562,6.4689998626709
1,1,1,1,0,0,12,101,38,73,25,33,12,12,4.82800006866455,10.58899974823,0,5,5.78399991989136,6.46700000762939
1,1,1,1,0,0,7,100,33,73,23,31,12,12,2.48900008201599,9.00399971008301,2,3,5.62799978256226,6.16800022125244
1,1,1,1,1,1,8,102,32,68,19,31,12,13,0.27700001001358,9.83399963378906,1,3,5.07499980926514,7.09200000762939
